strategy_id,asset_ticker,weight
64,AEP,0.985002590336335
64,TWTR,0.0149974087127806
64,ADSK,9.50884049532008e-10
65,AAPL,1.95466811161595e-07
65,CSCO,0.959485034388853
65,AMZN,2.56029484395223e-08
65,IBM,0.0405147445413879
66,AAPL,2.95267282719995e-08
66,CSCO,0.951722827688824
66,AMZN,0.0482771427844478
67,GOOG,1.4716146723206e-08
67,AAPL,0.928316786661187
67,CSCO,9.94607992074712e-09
67,AMZN,0.0716831886765862
68,AAPL,1.19570536079125e-07
68,2330.TW,2.45333345929305e-10
68,2880.TW,0.121979610990126
68,2912.TW,0.878020269194005
69,AAPL,0.061354680471755
69,CSCO,3.31709571656268e-07
69,2330.TW,0.938644984499181
69,AMZN,3.31949280213281e-09
70,AAPL,2.46097515824291e-07
70,2330.TW,0.141459973454542
70,2412.TW,2.44396449604959e-08
70,2357.TW,0.858539756008297
71,AAPL,5.69866762841092e-08
71,CSCO,0.931660417237687
71,FB,7.0572518032434e-07
71,AMZN,0.0682598936342437
71,IBM,7.89264162129149e-05
72,AAPL,2.46097515824291e-07
72,2330.TW,0.141459973454542
72,2412.TW,2.44396449604959e-08
72,2357.TW,0.858539756008297
73,GPN,0.979841519053711
73,AAPL,1.15423232764527e-07
73,IP,0.0201583655230558
74,MSFT,0.895278192391373
74,AMZN,0.104721797504184
74,ORCL,1.01044430152962e-08
75,MSFT,0.895278192391373
75,AMZN,0.104721797504184
75,ORCL,1.01044430152962e-08
76,MSFT,0.895278192391373
76,AMZN,0.104721797504184
76,ORCL,1.01044430152962e-08
77,MSFT,0.895278192391373
77,AMZN,0.104721797504184
77,ORCL,1.01044430152962e-08
78,GPN,0.964878607913492
78,AAPL,0.0351213848906509
78,GOOGL,7.19585696656816e-09
79,MSFT,3.91040401557553e-09
79,BAC,0.989707651326486
79,ORCL,0.0102923447631097
81,MSFT,3.91040401557553e-09
81,BAC,0.989707651326486
81,ORCL,0.0102923447631097
80,MSFT,3.91040401557553e-09
80,BAC,0.989707651326486
80,ORCL,0.0102923447631097
82,MSFT,3.91040401557553e-09
82,BAC,0.989707651326486
82,ORCL,0.0102923447631097
83,AAPL,2.46097515824291e-07
83,2330.TW,0.141459973454542
83,2412.TW,2.44396449604959e-08
83,2357.TW,0.858539756008297
84,MSFT,3.91040401557553e-09
84,BAC,0.989707651326486
84,ORCL,0.0102923447631097
85,2454.TW,0.991886238483905
85,2330.TW,4.62196645112867e-08
85,3008.TW,0.0081136939085396
85,2408.TW,2.13878906780234e-08
87,2454.TW,0.991886238483905
87,2330.TW,4.62196645112867e-08
87,3008.TW,0.0081136939085396
87,2408.TW,2.13878906780234e-08
86,2454.TW,0.991886238483905
86,2330.TW,4.62196645112867e-08
86,3008.TW,0.0081136939085396
86,2408.TW,2.13878906780234e-08
88,2454.TW,0.991886238483905
88,2330.TW,4.62196645112867e-08
88,3008.TW,0.0081136939085396
88,2408.TW,2.13878906780234e-08
89,2454.TW,0.991886238483905
89,2330.TW,4.62196645112867e-08
89,3008.TW,0.0081136939085396
89,2408.TW,2.13878906780234e-08
90,2454.TW,0.991886238483905
90,2330.TW,4.62196645112867e-08
90,3008.TW,0.0081136939085396
90,2408.TW,2.13878906780234e-08
91,2454.TW,0.991886238483905
91,2330.TW,4.62196645112867e-08
91,3008.TW,0.0081136939085396
91,2408.TW,2.13878906780234e-08
93,3008.TW,0.0306145648906871
93,2412.TW,0.969385296495462
93,2317.TW,2.06011682644965e-08
93,3045.TW,1.18012682293449e-07
92,2454.TW,0.991886238483905
92,2330.TW,4.62196645112867e-08
92,3008.TW,0.0081136939085396
92,2408.TW,2.13878906780234e-08
94,2454.TW,0.991886238483905
94,2330.TW,4.62196645112867e-08
94,3008.TW,0.0081136939085396
94,2408.TW,2.13878906780234e-08
95,3008.TW,0.0306145648906871
95,2412.TW,0.969385296495462
95,2317.TW,2.06011682644965e-08
95,3045.TW,1.18012682293449e-07
96,3008.TW,0.0306145648906871
96,2412.TW,0.969385296495462
96,2317.TW,2.06011682644965e-08
96,3045.TW,1.18012682293449e-07
98,3008.TW,0.0306145648906871
98,2412.TW,0.969385296495462
98,2317.TW,2.06011682644965e-08
98,3045.TW,1.18012682293449e-07
97,3008.TW,0.0306145648906871
97,2412.TW,0.969385296495462
97,2317.TW,2.06011682644965e-08
97,3045.TW,1.18012682293449e-07
99,AAPL,2.46097515824291e-07
99,2330.TW,0.141459973454542
99,2412.TW,2.44396449604959e-08
99,2357.TW,0.858539756008297
100,3008.TW,0.0306145648906871
100,2412.TW,0.969385296495462
100,2317.TW,2.06011682644965e-08
100,3045.TW,1.18012682293449e-07
102,3008.TW,0.0306145648906871
102,2412.TW,0.969385296495462
102,2317.TW,2.06011682644965e-08
102,3045.TW,1.18012682293449e-07
101,3008.TW,0.0306145648906871
101,2412.TW,0.969385296495462
101,2317.TW,2.06011682644965e-08
101,3045.TW,1.18012682293449e-07
104,AAPL,2.46097515824291e-07
104,2330.TW,0.141459973454542
104,2412.TW,2.44396449604959e-08
104,2357.TW,0.858539756008297
106,3008.TW,0.0306145648906871
106,2412.TW,0.969385296495462
106,2317.TW,2.06011682644965e-08
106,3045.TW,1.18012682293449e-07
107,AAPL,2.46097515824291e-07
107,2330.TW,0.141459973454542
107,2412.TW,2.44396449604959e-08
107,2357.TW,0.858539756008297
103,AAPL,2.46097515824291e-07
103,2330.TW,0.141459973454542
103,2412.TW,2.44396449604959e-08
103,2357.TW,0.858539756008297
105,AAPL,2.46097515824291e-07
105,2330.TW,0.141459973454542
105,2412.TW,2.44396449604959e-08
105,2357.TW,0.858539756008297
110,3008.TW,0.0306145648906871
110,2412.TW,0.969385296495462
110,2317.TW,2.06011682644965e-08
110,3045.TW,1.18012682293449e-07
108,3008.TW,0.0306145648906871
108,2412.TW,0.969385296495462
108,2317.TW,2.06011682644965e-08
108,3045.TW,1.18012682293449e-07
111,AAPL,2.46097515824291e-07
111,2330.TW,0.141459973454542
111,2412.TW,2.44396449604959e-08
111,2357.TW,0.858539756008297
112,AAPL,2.46097515824291e-07
112,2330.TW,0.141459973454542
112,2412.TW,2.44396449604959e-08
112,2357.TW,0.858539756008297
113,3045.TW,0.0306145648906871
113,2412.TW,0.969385296495462
113,2317.TW,2.06011682644965e-08
113,3008.TW,1.18012682293449e-07
109,3008.TW,0.0306145648906871
109,2412.TW,0.969385296495462
109,2317.TW,2.06011682644965e-08
109,3045.TW,1.18012682293449e-07
115,3008.TW,0.0306145648906871
115,2412.TW,0.969385296495462
115,2317.TW,2.06011682644965e-08
115,3045.TW,1.18012682293449e-07
116,3008.TW,0.0306145648906871
116,2412.TW,0.969385296495462
116,2317.TW,2.06011682644965e-08
116,3045.TW,1.18012682293449e-07
114,AAPL,2.46097515824291e-07
114,2330.TW,0.141459973454542
114,2412.TW,2.44396449604959e-08
114,2357.TW,0.858539756008297
118,AAPL,2.46097515824291e-07
118,2330.TW,0.141459973454542
118,2412.TW,2.44396449604959e-08
118,2357.TW,0.858539756008297
117,AAPL,2.46097515824291e-07
117,2330.TW,0.141459973454542
117,2412.TW,2.44396449604959e-08
117,2357.TW,0.858539756008297
120,3045.TW,0.0306145648906871
120,2412.TW,0.969385296495462
120,2317.TW,2.06011682644965e-08
120,3008.TW,1.18012682293449e-07
121,3045.TW,0.0306145648906871
121,2412.TW,0.969385296495462
121,2317.TW,2.06011682644965e-08
121,3008.TW,1.18012682293449e-07
122,3045.TW,0.0306145648906871
122,2412.TW,0.969385296495462
122,2317.TW,2.06011682644965e-08
122,3008.TW,1.18012682293449e-07
119,3045.TW,0.0306145648906871
119,2412.TW,0.969385296495462
119,2317.TW,2.06011682644965e-08
119,3008.TW,1.18012682293449e-07
124,3045.TW,0.0306145648906871
124,2412.TW,0.969385296495462
124,2317.TW,2.06011682644965e-08
124,3008.TW,1.18012682293449e-07
125,AAPL,2.46097515824291e-07
125,2330.TW,0.141459973454542
125,2412.TW,2.44396449604959e-08
125,2357.TW,0.858539756008297
126,2330.TW,0.0613547463563649
126,QCOM,1.20186977123659e-08
126,FB,0.938645239724109
126,GOOGL,4.13710360372503e-10
123,3045.TW,0.0306145648906871
126,AMZN,9.19362482841003e-11
126,AAPL,1.39518199168965e-09
123,2412.TW,0.969385296495462
123,2317.TW,2.06011682644965e-08
123,3008.TW,1.18012682293449e-07
127,FFIV,0.980075609494032
127,DD,1.93744255354456e-08
127,CXO,5.12913727805564e-08
127,AAPL,4.74158736357076e-08
127,BSX,6.33033323365674e-08
127,GPC,0.0199241472524837
127,EMR,6.18684804744268e-08
128,GPN,0.964878607913492
128,AAPL,0.0351213848906509
128,GOOGL,7.19585696656816e-09
129,AAPL,2.46097515824291e-07
129,2330.TW,0.141459973454542
129,2412.TW,2.44396449604959e-08
129,2357.TW,0.858539756008297
130,2633.TW,1.13366552819331e-09
130,2412.TW,4.61863625671904e-09
130,EIX,3.14673500808148e-09
130,3008.TW,0.0711709905778713
130,MOS,0.928829000523092
131,AAPL,1.15378906480282e-06
131,GOOGL,0.929584096562447
131,AMZN,0.070414749648488
132,GOOG,1.07018044711938e-06
132,AAPL,0.92831585615527
132,AMZN,0.0716830736642824
133,AEP,4.20943242000606e-09
133,AAP,0.618833343158908
133,ABMD,0.381166652631659
134,0050.TW,6.87088349391956e-09
134,NVDA,0.0120692742257471
134,AMZN,5.98274375916112e-09
134,2303.TW,0.987930712920626
135,NVDA,0.0114809992328214
135,AMZN,3.96362280961348e-07
135,2330.TW,0.988518604404898
136,GOOGL,0.050728720016713
136,AAPL,2.33644743859765e-07
136,MSFT,0.949271046338543
137,VOO,2.18382838200063e-07
137,BIV,0.966487697187071
137,TLT,0.0335120844300907
138,VOO,2.18382838200063e-07
138,BIV,0.966487697187071
138,TLT,0.0335120844300907
139,GIS,0.529592888605228
139,COST,0.337900058155089
139,MO,0.132507053239683
140,GIS,0.529592888605228
140,COST,0.337900058155089
140,MO,0.132507053239683
141,GIS,0.529592888605228
141,COST,0.337900058155089
141,MO,0.132507053239683
143,GIS,0.529592888605228
143,COST,0.337900058155089
143,MO,0.132507053239683
144,GIS,0.529592888605228
144,COST,0.337900058155089
144,MO,0.132507053239683
142,GIS,0.529592888605228
142,COST,0.337900058155089
142,MO,0.132507053239683
146,GIS,0.529592888605228
146,COST,0.337900058155089
146,MO,0.132507053239683
145,GIS,0.529592888605228
145,COST,0.337900058155089
145,MO,0.132507053239683
148,GIS,0.529592888605228
148,COST,0.337900058155089
148,MO,0.132507053239683
149,GIS,0.529592888605228
149,COST,0.337900058155089
149,MO,0.132507053239683
147,GIS,0.529592888605228
147,COST,0.337900058155089
147,MO,0.132507053239683
150,GIS,0.529592888605228
151,GIS,0.529592888605228
151,COST,0.337900058155089
151,MO,0.132507053239683
150,COST,0.337900058155089
150,MO,0.132507053239683
153,GIS,0.529592888605228
153,COST,0.337900058155089
153,MO,0.132507053239683
152,GIS,0.529592888605228
152,COST,0.337900058155089
152,MO,0.132507053239683
154,GIS,0.529592888605228
154,COST,0.337900058155089
154,MO,0.132507053239683
155,GIS,0.529592888605228
155,COST,0.337900058155089
155,MO,0.132507053239683
156,GIS,0.529592888605228
156,COST,0.337900058155089
156,MO,0.132507053239683
157,T,0.901815802347313
157,2330.TW,0.0981841966888397
157,2327.TW,9.63847485245795e-10
158,T,0.901815802347313
158,2330.TW,0.0981841966888397
158,2327.TW,9.63847485245795e-10
159,AAPL,0.0255942409169438
159,2330.TW,4.0621464553151e-09
159,MSCI,0.97440575502091
160,T,0.901815802347313
160,2330.TW,0.0981841966888397
160,2327.TW,9.63847485245795e-10
161,CTL,0.117151884542985
161,AFL,5.39955242268025e-08
161,AXP,0.882848061461491
162,1216.TW,2.50870986887095e-09
162,2912.TW,0.929861836734216
162,2327.TW,0.0701381607570742
163,GPN,1.1842476099365e-09
163,EOG,0.901972281150193
163,IBM,0.098027717665559
164,2317.TW,7.74644614380107e-09
164,0050.TW,0.5379838882975
164,1101.TW,5.61815659576932e-07
164,2412.TW,0.462015542140394
165,VOO,3.82780805562612e-07
165,WMT,0.896288136476111
165,GOOGL,8.08668338027109e-08
165,MCD,6.66372920658785e-08
165,AMZN,5.69169217702995e-08
165,AAPL,0.103711276322036
166,VOO,3.82780805562612e-07
166,WMT,0.896288136476111
166,GOOGL,8.08668338027109e-08
166,MCD,6.66372920658785e-08
166,AMZN,5.69169217702995e-08
166,AAPL,0.103711276322036
167,AAPL,0.972677439601603
167,AEE,0.0273224930083034
167,IBM,6.73900939613874e-08
168,AAPL,1.82691249818246e-07
168,AMZN,0.959485050393195
168,IBM,0.0405147669155548
169,GPN,0.901972278636121
169,IBM,0.0980277213638786
170,VOO,3.82780805562612e-07
170,WMT,0.896288136476111
170,GOOGL,8.08668338027109e-08
170,MCD,6.66372920658785e-08
170,AMZN,5.69169217702995e-08
170,AAPL,0.103711276322036
172,GPN,1.1842476099365e-09
172,EOG,0.901972281150193
172,IBM,0.098027717665559
171,GPN,1.1842476099365e-09
171,EOG,0.901972281150193
171,IBM,0.098027717665559
173,GPN,1.1842476099365e-09
173,EOG,0.901972281150193
173,IBM,0.098027717665559
174,GPN,1.1842476099365e-09
174,EOG,0.901972281150193
174,IBM,0.098027717665559
175,GPN,1.1842476099365e-09
175,EOG,0.901972281150193
175,IBM,0.098027717665559
176,GPN,1.1842476099365e-09
176,EOG,0.901972281150193
176,IBM,0.098027717665559
178,GPN,1.1842476099365e-09
178,EOG,0.901972281150193
178,IBM,0.098027717665559
177,GPN,1.1842476099365e-09
177,EOG,0.901972281150193
177,IBM,0.098027717665559
180,GPN,1.1842476099365e-09
180,EOG,0.901972281150193
180,IBM,0.098027717665559
181,GPN,1.1842476099365e-09
181,EOG,0.901972281150193
181,IBM,0.098027717665559
182,GPN,1.1842476099365e-09
182,EOG,0.901972281150193
182,IBM,0.098027717665559
183,GPN,1.1842476099365e-09
183,EOG,0.901972281150193
183,IBM,0.098027717665559
184,GPN,1.1842476099365e-09
184,EOG,0.901972281150193
184,IBM,0.098027717665559
185,GPN,1.1842476099365e-09
185,EOG,0.901972281150193
185,IBM,0.098027717665559
186,GPN,1.1842476099365e-09
186,EOG,0.901972281150193
186,IBM,0.098027717665559
179,GPN,1.1842476099365e-09
179,EOG,0.901972281150193
179,IBM,0.098027717665559
188,GPN,1.1842476099365e-09
188,EOG,0.901972281150193
188,IBM,0.098027717665559
189,GPN,1.1842476099365e-09
189,EOG,0.901972281150193
189,IBM,0.098027717665559
190,GPN,1.1842476099365e-09
190,EOG,0.901972281150193
190,IBM,0.098027717665559
191,GPN,1.1842476099365e-09
191,EOG,0.901972281150193
191,IBM,0.098027717665559
192,GPN,1.1842476099365e-09
192,EOG,0.901972281150193
192,IBM,0.098027717665559
193,GPN,1.1842476099365e-09
193,EOG,0.901972281150193
193,IBM,0.098027717665559
194,GPN,1.1842476099365e-09
194,EOG,0.901972281150193
194,IBM,0.098027717665559
195,GPN,1.1842476099365e-09
195,EOG,0.901972281150193
195,IBM,0.098027717665559
196,GPN,1.1842476099365e-09
196,EOG,0.901972281150193
196,IBM,0.098027717665559
197,GPN,1.1842476099365e-09
197,EOG,0.901972281150193
197,IBM,0.098027717665559
198,GPN,1.1842476099365e-09
198,EOG,0.901972281150193
198,IBM,0.098027717665559
199,GPN,1.1842476099365e-09
199,EOG,0.901972281150193
199,IBM,0.098027717665559
187,GPN,1.1842476099365e-09
187,EOG,0.901972281150193
187,IBM,0.098027717665559
201,GPN,1.1842476099365e-09
201,EOG,0.901972281150193
201,IBM,0.098027717665559
202,GPN,1.1842476099365e-09
202,EOG,0.901972281150193
202,IBM,0.098027717665559
203,GPN,1.1842476099365e-09
203,EOG,0.901972281150193
203,IBM,0.098027717665559
204,GPN,1.1842476099365e-09
204,EOG,0.901972281150193
204,IBM,0.098027717665559
205,GPN,1.1842476099365e-09
205,EOG,0.901972281150193
205,IBM,0.098027717665559
206,GPN,1.1842476099365e-09
206,EOG,0.901972281150193
206,IBM,0.098027717665559
207,NVDA,0.0114813003127783
207,2330.TW,1.8023488992125e-09
207,AXP,0.988518697884873
208,GPN,1.1842476099365e-09
208,EOG,0.901972281150193
208,IBM,0.098027717665559
209,GPN,1.1842476099365e-09
209,EOG,0.901972281150193
209,IBM,0.098027717665559
200,GPN,1.1842476099365e-09
200,EOG,0.901972281150193
200,IBM,0.098027717665559
211,AAPL,0.0281083349780746
211,3008.TW,1.21416399511286e-07
211,AMZN,0.971891543605526
212,AAPL,1.82691249818246e-07
212,AMZN,0.959485050393195
212,IBM,0.0405147669155548
210,GPN,1.1842476099365e-09
210,EOG,0.901972281150193
210,IBM,0.098027717665559
213,GPN,0.942946844811197
213,CAH,6.41850138468001e-07
213,IBM,0.0570525133386644
214,VOO,3.82780805562612e-07
214,WMT,0.896288136476111
214,GOOGL,8.08668338027109e-08
214,MCD,6.66372920658785e-08
214,AMZN,5.69169217702995e-08
214,AAPL,0.103711276322036
215,VOO,3.82780805562612e-07
215,WMT,0.896288136476111
215,GOOGL,8.08668338027109e-08
215,MCD,6.66372920658785e-08
215,AMZN,5.69169217702995e-08
215,AAPL,0.103711276322036
216,1216.TW,4.34755999294329e-08
216,0050.TW,0.00828947188494707
216,2330.TW,0.991710484639453
217,VOO,3.82780805562612e-07
217,WMT,0.896288136476111
217,GOOGL,8.08668338027109e-08
217,MCD,6.66372920658785e-08
217,AMZN,5.69169217702995e-08
217,AAPL,0.103711276322036
218,VOO,3.82780805562612e-07
218,WMT,0.896288136476111
218,GOOGL,8.08668338027109e-08
218,MCD,6.66372920658785e-08
218,AMZN,5.69169217702995e-08
218,AAPL,0.103711276322036
219,VOO,3.82780805562612e-07
219,WMT,0.896288136476111
219,GOOGL,8.08668338027109e-08
219,MCD,6.66372920658785e-08
219,AMZN,5.69169217702995e-08
219,AAPL,0.103711276322036
220,1216.TW,4.34755999294329e-08
220,0050.TW,0.00828947188494707
220,2330.TW,0.991710484639453
221,1216.TW,4.34755999294329e-08
221,0050.TW,0.00828947188494707
221,2330.TW,0.991710484639453
222,ABT,0.0121621681351848
222,BBY,0.906982877535305
222,AMT,0.0808549532915904
222,3045.TW,1.03791934421124e-09
223,1216.TW,4.34755999294329e-08
223,0050.TW,0.00828947188494707
223,2330.TW,0.991710484639453
224,VOO,3.82780805562612e-07
224,WMT,0.896288136476111
224,GOOGL,8.08668338027109e-08
224,MCD,6.66372920658785e-08
224,AMZN,5.69169217702995e-08
224,AAPL,0.103711276322036
225,AAPL,1.82691249818246e-07
225,AMZN,0.959485050393195
225,IBM,0.0405147669155548
226,GPN,0.942946844811197
226,CAH,6.41850138468001e-07
226,IBM,0.0570525133386644
227,AAPL,1.82691249818246e-07
227,AMZN,0.959485050393195
227,IBM,0.0405147669155548
228,VOO,3.82780805562612e-07
228,WMT,0.896288136476111
228,GOOGL,8.08668338027109e-08
228,MCD,6.66372920658785e-08
228,AMZN,5.69169217702995e-08
228,AAPL,0.103711276322036
229,VOO,3.82780805562612e-07
229,WMT,0.896288136476111
229,GOOGL,8.08668338027109e-08
229,MCD,6.66372920658785e-08
229,AMZN,5.69169217702995e-08
229,AAPL,0.103711276322036
230,VOO,3.82780805562612e-07
230,WMT,0.896288136476111
230,GOOGL,8.08668338027109e-08
230,MCD,6.66372920658785e-08
230,AMZN,5.69169217702995e-08
230,AAPL,0.103711276322036
231,ETR,0.101244058503331
231,FCX,0.898755935013653
231,JPM,3.6177420684556e-09
231,CME,1.63114549750209e-09
231,APH,1.23412813410679e-09
232,VOO,3.82780805562612e-07
232,WMT,0.896288136476111
232,GOOGL,8.08668338027109e-08
232,MCD,6.66372920658785e-08
232,AMZN,5.69169217702995e-08
232,AAPL,0.103711276322036
233,VOO,3.82780805562612e-07
233,WMT,0.896288136476111
233,GOOGL,8.08668338027109e-08
233,MCD,6.66372920658785e-08
233,AMZN,5.69169217702995e-08
233,AAPL,0.103711276322036
234,VOO,3.82780805562612e-07
234,WMT,0.896288136476111
234,GOOGL,8.08668338027109e-08
234,MCD,6.66372920658785e-08
234,AMZN,5.69169217702995e-08
234,AAPL,0.103711276322036
235,VOO,3.82780805562612e-07
235,WMT,0.896288136476111
235,GOOGL,8.08668338027109e-08
235,MCD,6.66372920658785e-08
235,AMZN,5.69169217702995e-08
235,AAPL,0.103711276322036
236,WMT,0.0587578091343768
236,2912.TW,1.49508450191257e-07
236,BLK,0.941241914139974
236,AMZN,3.62495443392044e-08
236,AAPL,1.53896552022747e-09
236,FDX,8.94286887137221e-08
237,WMT,0.0587578091343768
237,2912.TW,1.49508450191257e-07
237,BLK,0.941241914139974
237,AMZN,3.62495443392044e-08
237,AAPL,1.53896552022747e-09
237,FDX,8.94286887137221e-08
238,WMT,0.0587578091343768
238,2912.TW,1.49508450191257e-07
238,BLK,0.941241914139974
238,AMZN,3.62495443392044e-08
238,AAPL,1.53896552022747e-09
238,FDX,8.94286887137221e-08
239,2912.TW,1.61463406224281e-05
239,2330.TW,0.857400848989162
239,1101.TW,2.54328529274684e-08
239,2880.TW,0.142582979237363
240,2912.TW,1.61463406224281e-05
240,2330.TW,0.857400848989162
240,1101.TW,2.54328529274684e-08
240,2880.TW,0.142582979237363
241,GOOGL,6.04390758757616e-08
241,2382.TW,3.43901127304063e-07
241,AMZN,0.478097778289712
241,2454.TW,2.08992099174998e-08
241,ABMD,1.35276908451229e-08
241,2330.TW,0.521901759189209
241,0050.TW,2.37539750553711e-08
242,GOOGL,3.41159942708591e-08
242,2382.TW,2.88685278276925e-07
242,AMZN,0.478098223943362
242,2454.TW,6.67995403955718e-09
242,2330.TW,0.521901433507752
242,0050.TW,1.30676597144014e-08
243,GOOGL,3.41159942708591e-08
243,2382.TW,2.88685278276925e-07
243,AMZN,0.478098223943362
243,2454.TW,6.67995403955718e-09
243,2330.TW,0.521901433507752
243,0050.TW,1.30676597144014e-08
244,GOOGL,3.41159942708591e-08
244,2382.TW,2.88685278276925e-07
244,AMZN,0.478098223943362
244,2454.TW,6.67995403955718e-09
244,2330.TW,0.521901433507752
244,0050.TW,1.30676597144014e-08
245,AAPL,0.137315735235895
245,ADBE,0.862684260207592
245,IBM,4.55651296205963e-09
246,AMD,4.71168943581387e-08
246,GOOGL,7.42145086817291e-08
246,2382.TW,2.6628066789429e-08
246,AMZN,0.0163605548224207
246,2454.TW,1.67225545762357e-08
246,2330.TW,0.983639197192552
246,2317.TW,7.10652605486459e-08
246,0050.TW,1.2237742746525e-08
247,ADBE,0.340870942362382
247,AMZN,0.659129055909749
247,IBM,1.72786904332616e-09
248,ADBE,0.340870942362382
248,AMZN,0.659129055909749
248,IBM,1.72786904332616e-09
249,2317.TW,5.8100882979109e-05
249,2912.TW,3.85499770745904e-10
249,2330.TW,0.857378763544233
249,1101.TW,3.19672761721177e-10
249,2412.TW,0.142563134867615
250,ADBE,0.340870942362382
250,AMZN,0.659129055909749
250,IBM,1.72786904332616e-09
251,2882.TW,0.291828822254
251,2330.TW,0.70817115215676
251,1101.TW,8.60663726754451e-09
251,2412.TW,1.69826024658133e-08
252,2317.TW,5.8100882979109e-05
252,2912.TW,3.85499770745904e-10
252,2330.TW,0.857378763544233
252,1101.TW,3.19672761721177e-10
252,2412.TW,0.142563134867615
253,ADBE,0.340870942362382
253,AMZN,0.659129055909749
253,IBM,1.72786904332616e-09
254,ADBE,0.340870942362382
254,AMZN,0.659129055909749
254,IBM,1.72786904332616e-09
255,ADBE,0.340870942362382
255,AMZN,0.659129055909749
255,IBM,1.72786904332616e-09
256,ADBE,0.340870942362382
256,AMZN,0.659129055909749
256,IBM,1.72786904332616e-09
257,ADBE,0.340870942362382
257,AMZN,0.659129055909749
257,IBM,1.72786904332616e-09
258,AAPL,6.86933890374894e-09
258,ADBE,0.340870873985731
258,AMZN,0.65912911914493
259,AAPL,0.137315735235895
259,ADBE,0.862684260207592
259,IBM,4.55651296205963e-09
260,ADBE,0.340870942362382
260,AMZN,0.659129055909749
260,IBM,1.72786904332616e-09
261,AAPL,6.86933890374894e-09
261,ADBE,0.340870873985731
261,AMZN,0.65912911914493
262,AAPL,6.86933890374894e-09
262,ADBE,0.340870873985731
262,AMZN,0.65912911914493
263,AAPL,6.86933890374894e-09
263,ADBE,0.340870873985731
263,AMZN,0.65912911914493
264,AAPL,6.86933890374894e-09
264,ADBE,0.340870873985731
264,AMZN,0.65912911914493
265,AAPL,6.86933890374894e-09
265,ADBE,0.340870873985731
265,AMZN,0.65912911914493
266,AAPL,6.86933890374894e-09
266,ADBE,0.340870873985731
266,AMZN,0.65912911914493
267,WMT,1.9392536859908e-09
267,MSFT,0.0094022873746898
267,FB,1.30614102439487e-09
267,GOOGL,5.97195149271254e-10
267,BRK-B,5.16475573302668e-10
267,AMZN,8.77532092379993e-10
267,DIS,1.93222966705704e-10
267,AAPL,0.990597691294608
267,NFLX,1.59008819747791e-08
268,WMT,1.9392536859908e-09
268,MSFT,0.0094022873746898
268,FB,1.30614102439487e-09
268,GOOGL,5.97195149271254e-10
268,BRK-B,5.16475573302668e-10
268,AMZN,8.77532092379993e-10
268,DIS,1.93222966705704e-10
268,AAPL,0.990597691294608
268,NFLX,1.59008819747791e-08
269,AAPL,0.128657580053829
269,VOO,0.871342411979273
269,2330.TW,7.96689830046245e-09
270,AAPL,1.06369410339155e-07
270,2330.TW,0.128657470580864
270,2207.TW,0.871342423049726
271,AAPL,0.12865758480976
271,2330.TW,6.63136438499778e-09
271,5880.TW,0.871342408558875
272,AAPL,7.88244403122482e-08
272,2330.TW,0.128657460513403
272,5880.TW,2.10168885278038e-08
272,2207.TW,0.871342439645268
273,2317.TW,0.291828239455571
273,2330.TW,4.22570535656879e-08
273,1101.TW,0.708171623492504
273,2412.TW,9.47948719771119e-08
274,AAPL,0.0114811745938247
274,NVDA,1.50524758343295e-08
274,2330.TW,3.46745130412078e-08
274,VOO,0.988518724110307
274,AXP,5.15688795297233e-08
275,AAPL,0.0114812890395399
275,NVDA,5.60968056268998e-09
275,2330.TW,6.29058238544063e-09
275,AXP,0.988518699060197
276,3008.TW,0.994702425902972
276,2330.TW,0.00529757409702825
277,AAPL,0.173477260867784
277,2330.TW,7.85158046434548e-08
277,2303.TW,0.826522660616411
278,VOO,1.34294424793405e-07
278,MSFT,0.286022207294602
278,TLT,0.694775279247144
278,DIS,0.0192023791638293
279,VOO,1.34294424793405e-07
279,MSFT,0.286022207294602
279,TLT,0.694775279247144
279,DIS,0.0192023791638293
280,VOO,0.966487812803888
280,VNQ,2.08701199600214e-08
280,TLT,0.0335121663259925
281,VOO,0.966487812803888
281,VNQ,2.08701199600214e-08
281,TLT,0.0335121663259925
282,AAPL,0.0135257245875201
282,BRK-B,0.101156476638812
282,ADBE,0.00546390180616743
282,WM,0.879853721473805
282,IAU,1.75493695705484e-07
283,2330.TW,4.00029389480226e-07
283,COST,0.0636726651943941
283,IAU,1.40910857844328e-07
283,DIS,0.936326793865359
284,CMI,0.245518105721896
284,AMZN,0.754481886538672
284,BIV,7.73943179656835e-09
285,BEN,0.764503483707243
285,ADI,8.33655543196079e-09
285,EIX,0.235496507956202
286,IAU,0.026338669572385
286,GLW,0.0109112700514523
286,JCI,0.962749215863344
286,HOLX,8.44512818343448e-07
287,ACN,3.56096979236512e-06
287,ADM,0.214015900675936
287,AWK,0.785980538354271
288,ABC,0.993436153424952
288,ADM,0.00656384046921593
288,ABT,6.10583236011205e-09
289,EQR,0.931251237129654
289,ADM,0.0687487555897664
289,ABT,7.28057979301541e-09
290,ADSK,0.982685841929605
290,ABT,0.0173141403818606
290,ABBV,1.76885342637957e-08
291,2330.TW,0.173477260867784
291,2303.TW,7.85158046434548e-08
291,AAPL,0.826522660616411
292,2330.TW,0.173477260867784
292,2303.TW,7.85158046434548e-08
292,AAPL,0.826522660616411
293,2330.TW,0.173477260867784
293,2303.TW,7.85158046434548e-08
293,AAPL,0.826522660616411
294,2330.TW,0.173477260867784
294,2303.TW,7.85158046434548e-08
294,AAPL,0.826522660616411
295,2330.TW,0.173477260867784
295,2303.TW,7.85158046434548e-08
295,AAPL,0.826522660616411
296,2330.TW,0.173477260867784
296,2303.TW,7.85158046434548e-08
296,AAPL,0.826522660616411
297,2912.TW,0.0850808066289663
297,2330.TW,0.291190759574292
297,2357.TW,0.623728433796741
298,2317.TW,1.1049932053181e-08
298,2330.TW,0.0349218943942996
298,1216.TW,0.965078094555768
299,2317.TW,8.96450250139011e-07
299,2357.TW,0.755592591319396
299,2412.TW,0.244406512230353
300,CFG,0.972428524101233
300,BSX,0.0275714618535071
300,ANSS,1.40452601257417e-08
301,VWO,0.99343623678069
301,ABT,0.00656366860175646
301,ABC,9.46175540441226e-08
302,MMM,5.3897652967935e-08
302,CL,0.939216621674335
302,ANTM,0.0607833244280121
303,SPGI,4.96316889515287e-05
303,J,2.17813103193135e-09
303,M,1.16649690039635e-08
303,NLSN,0.999950354467949
304,IAU,3.62061333164453e-07
304,BIV,0.345885873713936
304,TLT,0.654113764224731
305,AMZN,0.957872633955617
305,TXN,1.5561648767909e-07
305,QCOM,0.0421272104278954
306,IAU,2.61556793050827e-07
306,2330.TW,0.546073094956232
306,NVDA,0.453926335781661
306,AMD,3.07705314577788e-07
307,COST,0.00939985914084265
307,NKE,4.43454476998601e-08
307,ATVI,1.75731492700328e-06
307,AMZN,2.24451394496995e-08
307,T,2.1095359018724e-08
307,EBAY,0.990598257204543
307,NFLX,2.14287128590565e-08
307,EA,1.7025028171112e-08
308,AMZN,1.72097654198111e-07
308,CTVA,0.950189514627649
308,AAPL,0.049810313274697
309,V,9.99587723732849e-07
309,AMZN,0.939140009029234
309,AAPL,0.060858991383042
310,2317.TW,0.0349214565139515
310,2330.TW,0.965078477202756
310,2633.TW,6.62832922475958e-08
311,V,0.14813578747429
311,TLT,0.176448051935876
311,AMZN,0.0773167150530288
311,IAU,0.598098827609465
311,AAPL,6.17927340783073e-07
312,ALB,0.72687108013997
312,ABC,0.261806888890102
312,AMGN,1.65078315869543e-09
312,AAPL,0.0113220293191444
313,V,0.148373111286447
313,TMUS,0.851626888382067
313,AAPL,3.31485798097409e-10
314,IAU,0.0440003341002603
314,2317.TW,0.119066311406693
314,V,0.836933342590841
314,AAPL,1.19022059547773e-08
315,2317.TW,0.0439998082554938
315,IAU,2.03451056752625e-07
315,3008.TW,0.119066631929615
315,VNQ,0.83693330532795
315,AAPL,5.10358842829337e-08
316,TLT,6.05653884785902e-07
316,AAPL,0.250399306711404
316,V,2.190199960557e-07
316,2330.TW,3.53307594019923e-08
316,BLK,0.749599822945304
316,FB,1.03386516394261e-08
317,V,2.92822965391105e-10
317,ACN,0.254004873207994
317,HPQ,2.89680041005426e-10
317,1301.TW,3.65213820743674e-10
317,5880.TW,0.745995125844289
318,IAU,0.000116641111756483
318,GOOGL,0.184852277051562
318,VOO,0.0194952915078578
318,V,0.795535484710334
318,AMZN,2.46716785359434e-07
318,AAPL,5.89017045594725e-08
319,2330.TW,0.0937874751075555
319,MSFT,1.94200132596438e-08
319,AAPL,0.906212505472431
320,BRK-B,0.00812577783571944
320,MSFT,3.07981460293832e-08
320,D,0.991874191366135
321,2891.TW,0.179968779398311
321,2881.TW,0.147031877403821
321,2002.TW,0.672999343197868
322,2891.TW,0.179968779398311
322,2881.TW,0.147031877403821
322,2002.TW,0.672999343197868
323,ADI,0.00449412246784557
323,MRK,8.02778270614572e-10
323,TIF,3.64193313376613e-08
323,AAPL,0.995505840310045
324,ADI,0.00449412246784557
324,MRK,8.02778270614572e-10
324,TIF,3.64193313376613e-08
324,AAPL,0.995505840310045
325,GS,0.128657576519153
325,2454.TW,3.65016397650222e-09
325,2330.TW,2.95368293487384e-09
325,3008.TW,0.871342414414678
325,ADI,1.59135352161299e-09
325,AAPL,8.70968160868707e-10
326,BRK-B,0.00812577783571944
326,MSFT,3.07981460293832e-08
326,D,0.991874191366135
327,BWA,0.984798100507104
327,AXP,5.71161636078853e-11
327,AAPL,0.0152018994357797
328,ADI,0.00449412246784557
328,MRK,8.02778270614572e-10
328,TIF,3.64193313376613e-08
328,AAPL,0.995505840310045
329,UNP,2.61296954734641e-09
329,AAL,0.969650311305551
329,AAPL,0.0303496860814791
331,2891.TW,0.179968779398311
331,2881.TW,0.147031877403821
331,2002.TW,0.672999343197868
332,AAL,2.48205865306065e-08
332,ADBE,0.137315326333617
332,AAPL,0.862684648845796
333,UNH,0.0153264141945263
333,TLT,0.743217340648967
333,ADP,0.241456245156507
334,2330.TW,0.128657578220831
334,GS,4.15346277014285e-09
334,3008.TW,3.51690268568752e-09
334,2454.TW,0.871342413067843
334,AAPL,1.04096067962726e-09
335,AMZN,9.99587723732849e-07
335,V,0.939140009029234
335,AAPL,0.060858991383042
336,JPM,0.0613546797956275
336,NKE,9.75374010710902e-09
336,CVS,0.938645265100984
336,V,1.34280393958684e-08
336,AMZN,1.47933566067645e-08
336,WMT,4.40019029844741e-09
336,2330.TW,3.98060751248134e-09
336,BLK,7.13930106933838e-09
336,AAPL,1.60815359313566e-09
337,JPM,1.83031286289256e-08
337,NKE,0.0613546511371179
337,CVS,8.83619085404544e-09
337,V,0.938645278556976
337,AMZN,1.10598697449642e-08
337,0050.TW,1.18875083311484e-08
337,WMT,4.9049264800028e-09
337,2330.TW,6.06633828544121e-09
337,BLK,7.72800184868993e-09
337,AAPL,1.5199416974144e-09
338,AAL,2.48205865306065e-08
338,ADBE,0.137315326333617
338,AAPL,0.862684648845796
339,MCD,0.979997151962315
339,SBUX,0.0200028284165736
339,AAPL,1.96211111079982e-08
340,AMZN,0.0613547258346985
340,2330.TW,1.01542990010085e-07
340,V,0.938645169012425
340,AAPL,3.60988685874299e-09
341,1101.TW,0.125305372151622
341,AAPL,1.54878103378276e-08
341,2002.TW,0.874694612360568
342,AMZN,2.54327334779303e-09
342,2330.TW,0.0613547297219704
342,0050.TW,3.80850677564299e-08
342,V,0.938645223674169
342,AAPL,5.97551979381964e-09
343,AFL,0.971429882077067
343,PEP,7.82306331738611e-08
343,AAPL,0.0285700396922999
344,CTVA,0.917230446316561
344,1101.TW,2.21854796005327e-08
344,2002.TW,0.0827695314979598
345,A,0.0375075823451732
345,BLK,0.962492411049143
345,AAPL,6.60568412116144e-09
346,MSFT,0.00309290355902346
346,AAL,0.0011032692875309
346,HPE,0.995803827153446
347,AMZN,9.99587723732849e-07
347,V,0.939140009029234
347,AAPL,0.060858991383042
348,1216.TW,0.276902001756734
348,AMT,2.33413198072926e-08
348,AAL,0.723097974901946
349,MMM,4.05787369492331e-09
349,AAL,0.0609792256388922
349,FDX,0.939020770303234
350,V,9.99587723732849e-07
350,AMZN,0.939140009029234
350,AAPL,0.060858991383042
351,AIG,0.0309866807206145
351,AMZN,5.85968188910323e-10
351,2882.TW,0.969013318693417
352,MSFT,3.33665587073446e-09
352,VOO,0.893711516954254
352,UNH,2.34806576502783e-10
352,CTVA,3.68206847876184e-10
352,AMZN,0.104472370182187
352,BEN,0.00181610850444286
352,AAPL,4.19446865229064e-10
353,C,0.0821957517888322
353,VEA,7.37637778235816e-10
353,INTC,2.01349541288684e-10
353,GS,6.00953425197438e-10
353,2454.TW,2.86610655036326e-10
353,UNH,6.69460368806568e-10
353,GOOG,0.917804245366728
353,2330.TW,3.48427925649024e-10
354,ACN,6.90580785474233e-10
354,ADBE,0.970486926027087
354,VEA,0.02951307132363
354,MUB,1.95870206100202e-09
355,HD,9.86367014805703e-08
355,CAH,0.93609567186603
355,AAL,0.0639042294972689
356,KO,6.11428815973925e-07
356,EL,0.0160514359507378
356,PEP,0.983947952620446
357,AFL,0.95783374451192
357,ABT,0.0421662521344747
357,AAPL,3.35360553221519e-09
358,V,8.73488261518636e-08
358,AMZN,0.231119817377512
358,ABBV,0.768879886505507
358,AAPL,2.08768154820485e-07
359,COST,1.73828862795166e-08
359,ISRG,0.00728329464402923
359,GOOG,6.65465402073028e-08
359,KO,8.20626823748362e-08
359,NFLX,1.52694927765082e-07
359,AAPL,0.992716386668934
360,AMZN,2.83127091748655e-07
360,APTV,0.968745524425506
360,CTVA,0.0252869187145427
360,AAPL,0.00596727373285947
361,AMZN,2.83127091748655e-07
361,APTV,0.968745524425506
361,CTVA,0.0252869187145427
361,AAPL,0.00596727373285947
362,2207.TW,1.85586936926533e-09
362,2330.TW,9.16869970716654e-09
362,0050.TW,0.927637509097708
362,2886.TW,1.37142991957037e-09
362,2395.TW,0.0723624785062928
363,NFLX,3.92693387280292e-08
363,ABT,0.00709954428017057
363,JNJ,0.992900416450491
364,AGN,1.85085041975906e-08
364,ALB,0.999970768653857
364,AAPL,2.92128376390585e-05
365,1101.TW,0.36310663122819
365,2303.TW,0.00993198415825565
365,2207.TW,1.06496033523636e-08
365,1216.TW,1.72182796176466e-08
365,2002.TW,1.08316393598819e-08
365,2330.TW,0.626961156844748
365,1301.TW,1.89069283811809e-07
366,COST,7.43348188412032e-09
366,ADBE,0.0613547385471428
366,AMZN,4.35779368696962e-09
366,0050.TW,7.02492087109109e-09
366,2330.TW,0.938645241178202
366,AAPL,1.458459075889e-09
367,WMT,6.14663668098242e-09
367,COST,0.0191141247608432
367,0050.TW,0.980885846883309
367,2330.TW,2.2209210932597e-08
368,ETN,0.00876005710909142
368,NFLX,9.59594476631172e-07
368,AAPL,0.991238983296432
369,NVDA,8.80775580358907e-08
369,6669.TW,2.04835323377028e-08
369,IBM,0.890027022597904
369,AMZN,2.11038315935126e-07
369,2352.TW,1.30699563136667e-08
369,2330.TW,4.49483735520345e-08
369,MSFT,0.10997259978436
370,2330.TW,0.974946951189828
370,2412.TW,0.0250530469597155
370,2881.TW,1.85045656568332e-09
371,PEG,1.70820835138229e-07
371,HP,0.985168673391221
371,ECL,0.0148311557879441
372,NVDA,8.80775580358907e-08
372,6669.TW,2.04835323377028e-08
372,IBM,0.890027022597904
372,AMZN,2.11038315935126e-07
372,2352.TW,1.30699563136667e-08
372,2330.TW,4.49483735520345e-08
372,MSFT,0.10997259978436
373,2330.TW,0.994640460943721
373,3008.TW,0.00535952955290165
373,2881.TW,9.50337712431865e-09
374,ACN,1.15952220146289e-06
374,KSU,0.204690849097932
374,D,0.795307991379867
375,2317.TW,3.16778815406854e-08
375,2330.TW,1.75970556953349e-07
375,2308.TW,0.0146097729277404
375,AMD,0.985390019423821
376,AAPL,0.970332284883966
376,D,0.0296677121123802
376,NBL,3.00365431368122e-09
377,VEA,1.25136545462493e-08
377,SBUX,6.83511200934264e-09
377,1216.TW,0.0124921475762104
377,2454.TW,2.91545077492539e-09
377,2884.TW,5.23009422660401e-08
377,AMZN,4.42879343345922e-09
377,2885.TW,7.21810622118724e-10
377,0050.TW,1.30346138765262e-09
377,NFLX,0.987507769702113
377,2330.TW,6.98381638124635e-10
377,FB,1.00406951448772e-09
378,IBM,0.973868845549549
378,AAPL,0.0261311492552864
378,CHD,5.19516506422236e-09
379,AMZN,0.185053494339221
379,VOO,0.800737655914708
379,IAU,0.0142088497460713
380,TWTR,0.00945991974189553
380,VOO,2.10177668399468e-08
380,AMZN,4.19032586673684e-09
380,NFLX,0.990540048673205
380,3008.TW,1.84209880345436e-09
380,FB,4.53470816412664e-09
381,TLT,0.000623229381124747
381,NFLX,4.60192355047697e-09
381,2330.TW,1.49994725304514e-08
381,AIV,0.426093245393747
381,LDOS,0.573283505623732
382,NFLX,1.87935958617083e-08
382,VOO,0.00771204142002918
382,AIV,0.992287895308722
382,LDOS,4.4477653439402e-08
383,2886.TW,4.58600876405207e-05
383,2881.TW,1.40305672617944e-08
383,2395.TW,5.6896055296908e-09
383,6505.TW,0.971929165325502
383,2308.TW,4.49663379881002e-09
383,3008.TW,0.028024950370051
384,2317.TW,4.02372293883243e-08
384,APA,6.59562534311757e-07
384,VOO,0.0613538140514555
384,AMZN,0.938645459356732
384,2002.TW,4.89674505170966e-09
384,2330.TW,2.18953036827231e-08
385,JNJ,8.74313363332373e-08
385,NVDA,0.998812901759703
385,WM,6.26432844503021e-08
385,AMD,3.81616428439671e-06
385,COST,0.00118241467262556
385,ADBE,1.48029859318591e-07
385,ZTS,6.63449780819435e-08
385,WMT,4.30371934976672e-07
385,BLK,7.25819940489751e-08
386,A,0.986853767993256
386,AAL,1.07501037117426e-08
386,AAP,0.0131462212566404
387,6669.TW,0.72167319556253
387,BEN,5.46416381570714e-09
387,AMD,0.278326788230566
387,ABBV,4.03230582375893e-09
387,PFE,6.71043375269901e-09
388,1101.TW,0.405163078391376
388,AAL,0.594835390797533
388,2303.TW,6.95463353781011e-08
388,AAP,1.46126475546304e-06
389,0050.TW,0.0743096175677276
389,VTR,0.925690381198103
389,AAPL,1.23416986655248e-09
390,2303.TW,3.34673420330012e-07
390,1216.TW,0.0961316157400806
390,2881.TW,0.903867369533025
390,2454.TW,1.24561087683274e-07
390,2891.TW,1.15353678406697e-07
390,2882.TW,2.21191930602582e-07
390,0050.TW,2.18946777855991e-07
391,2303.TW,3.34673420330012e-07
391,1216.TW,0.0961316157400806
391,2881.TW,0.903867369533025
391,2454.TW,1.24561087683274e-07
391,2891.TW,1.15353678406697e-07
391,2882.TW,2.21191930602582e-07
391,0050.TW,2.18946777855991e-07
392,AMZN,1.83230861501663e-07
392,IAU,0.546073294616508
392,2330.TW,4.91679544839598e-08
392,AMD,0.453926472984677
393,AMZN,1.83230861501663e-07
393,IAU,0.546073294616508
393,2330.TW,4.91679544839598e-08
393,AMD,0.453926472984677
394,IAU,1.83230861501663e-07
394,2330.TW,0.546073294616508
394,AMZN,4.91679544839598e-08
394,AMD,0.453926472984677
395,2912.TW,0.857408495220713
395,2330.TW,0.142591504121062
395,6505.TW,6.58224954874585e-10
396,1216.TW,0.00539052464320187
396,1301.TW,0.0945994059318992
396,2412.TW,0.900010069424899
397,AMZN,0.0613547411533278
397,2330.TW,0.938645255392719
397,AXP,3.45395304598811e-09
398,AMZN,0.340870960700403
398,ADBE,0.659129037766569
398,TWTR,1.53302804345032e-09
399,IAU,0.315356215660319
399,TLT,0.672627134012851
399,V,0.0120166503268302
400,VLO,0.958302724026357
400,NEE,5.69670696465909e-07
400,XOM,0.0416967063029464
401,VLO,0.958302724026357
401,NEE,5.69670696465909e-07
401,XOM,0.0416967063029464
402,VLO,0.958302724026357
402,NEE,5.69670696465909e-07
402,XOM,0.0416967063029464
403,CERN,0.967014262478148
403,ADSK,5.94342049806107e-09
403,AAPL,0.0329857315784318
404,IAU,0.345886280720673
404,TLT,0.65411369784565
404,XOM,2.14336768629242e-08
405,IAU,4.20333275728866e-08
405,TLT,0.146939144401646
405,HP,0.14940147026508
405,INTC,0.703659343299946
406,HP,4.34405252879333e-10
406,IBM,0.0117779519138506
406,INTC,0.988222047651744
407,2303.TW,1.74880391565184e-07
407,2883.TW,0.749075845003678
407,2881.TW,0.213175370097475
407,2882.TW,3.69841265706309e-08
407,2633.TW,1.5063769785584e-07
407,2002.TW,1.4119006923091e-07
407,2408.TW,3.23982391939786e-07
407,2330.TW,1.11864931710205e-07
407,2890.TW,9.43833989039972e-08
407,4904.TW,0.0377477509758399
408,TLT,0.0122032617111161
408,2330.TW,3.50524303709084e-09
408,HP,1.3363102917049e-08
408,IBM,0.159653793926101
408,INTC,0.828142927494437
409,2330.TW,0.99780927960836
409,VOO,1.15683579262301e-06
409,2882.TW,0.00218956355584766
410,TLT,0.0122032617111161
410,2330.TW,3.50524303709084e-09
410,HP,1.3363102917049e-08
410,IBM,0.159653793926101
410,INTC,0.828142927494437
411,CTVA,2.35642251542116e-09
411,GOOG,0.0265409885988728
411,IBM,2.31367397133422e-09
411,VLO,0.973459005643633
411,INTC,1.08739813261339e-09
412,ACN,0.128657564903102
412,2330.TW,0.871342421797207
412,AAPL,1.3299691068489e-08
413,FB,0.128657593017159
413,2330.TW,0.871342403920543
413,AAPL,3.06229781485162e-09
414,AMZN,0.0613547492434387
414,2330.TW,1.06654878492158e-08
414,ADBE,0.938645238077289
414,FB,2.01378410696344e-09
415,GOOG,0.0265409959974851
415,VLO,0.973459002409065
415,INTC,1.59344959430356e-09
416,BIV,0.912425715174187
416,GOOG,0.0809244278110523
416,VLO,0.00664985701476075
417,AMZN,0.0613547212212195
417,2330.TW,0.938645265505818
417,GOOG,4.2134752071316e-09
417,CTVA,5.95751762846412e-09
417,VLO,3.10196965554211e-09
418,AMZN,0.0613547212212195
418,2330.TW,0.938645265505818
418,GOOG,4.2134752071316e-09
418,CTVA,5.95751762846412e-09
418,VLO,3.10196965554211e-09
419,NFLX,8.89189785069906e-10
419,2330.TW,0.0124922409303049
419,0050.TW,1.04825655244316e-09
419,AVB,1.10456813450677e-09
419,AAPL,0.987507756027681
420,V,9.99587723732849e-07
420,AMZN,0.939140009029234
420,AAPL,0.060858991383042
421,V,0.0613547258346985
421,2330.TW,1.01542990010085e-07
421,AMZN,0.938645169012425
421,AAPL,3.60988685874299e-09
422,V,0.0775235332204519
422,BEN,0.922476462246049
422,AMZN,3.10276967439875e-09
422,2303.TW,1.43072923454221e-09
423,AMZN,0.0775235246334959
423,2330.TW,1.91338650189472e-08
423,PBCT,5.73280248728661e-09
423,2303.TW,0.922476450429305
423,AAPL,7.0530983971553e-11
424,2317.TW,0.909588911851097
424,3045.TW,2.93230569478453e-09
424,2882.TW,0.0904110852165975
425,V,0.940596855029175
425,BEN,1.32219006783102e-06
425,AMZN,0.0233272523405403
425,FRC,0.0360745704402165
426,2317.TW,0.909588911851097
426,3045.TW,2.93230569478453e-09
426,2882.TW,0.0904110852165975
427,2330.TW,0.0146099771201629
427,IRM,0.98539001210496
427,NVDA,9.36223178334345e-09
427,AMD,1.41264567150607e-09
428,V,0.0121959542316666
428,6505.TW,6.05048908609826e-09
428,IRM,0.987804039717844
429,EMR,0.00738093843308112
429,AAL,0.992618880747542
429,ADBE,1.80819377259173e-07
430,IAU,3.78004462110046e-09
430,COST,2.6323515872053e-09
430,AAPL,3.72504424274632e-09
430,ATVI,1.00892132897155e-09
430,MS,0.500294497824947
430,WMT,1.28082849433587e-09
430,NFLX,5.70664002176707e-10
430,MMM,3.62654159340628e-09
430,MSFT,0.499705483184896
430,FB,2.36576083210564e-09
431,IAU,4.59255917592609e-08
431,COST,4.17242487397535e-08
431,AAPL,8.15191209610471e-09
431,MS,0.500294394288548
431,NFLX,8.88977401429971e-09
431,MMM,2.61911706267285e-09
431,FB,0.499705498400808
432,XOM,8.87744424619908e-09
432,MCD,0.0094020839968872
432,SBUX,1.37760739848949e-08
432,NKE,1.45885556454898e-08
432,MS,1.69683204938605e-08
432,AMZN,8.61439889769964e-09
432,F,0.990597795152893
432,MA,3.83794713175786e-08
432,NFLX,9.63705105470744e-09
432,AAPL,1.00089044575922e-08
433,F,6.88286981535008e-08
433,MSFT,0.0100402906368483
433,MS,1.26445967615687e-08
433,FB,0.989959627889857
434,1216.TW,0.869155311427295
434,2891.TW,0.130844550427742
434,0050.TW,1.38144963126443e-07
435,AIG,0.911015062601846
435,2357.TW,0.0889849198116611
435,2454.TW,1.75864932514956e-08
436,1216.TW,0.818509508865649
436,1303.TW,0.108962005061697
436,2454.TW,0.0725284860726542
437,JNJ,0.0146099863775192
437,INTC,1.20595343664141e-09
437,AMD,0.985390009974325
437,AAPL,8.47705374457011e-10
437,2330.TW,1.08827718681086e-09
437,FB,5.06219873324246e-10
438,2002.TW,0.0985020922259183
438,1102.TW,1.08168879668436e-07
438,2303.TW,0.901497795079314
438,2408.TW,4.52588797604132e-09
439,PVH,0.155620776805489
439,APTV,1.56026505557619e-09
439,1216.TW,0.844379220503701
439,K,1.13054517444576e-09
440,FB,4.44849553829241e-09
440,COST,0.0191141505479452
440,2330.TW,0.98088584328984
440,1216.TW,1.71371976580169e-09
441,FB,0.00134777380653738
441,AMD,0.998652174141805
441,INTC,4.79583380267168e-08
441,MA,2.254424944443e-09
441,AAPL,1.83889469233239e-09
442,2357.TW,0.0952011301927644
442,2454.TW,0.904798837406046
442,1216.TW,3.24011893556258e-08
443,ANSS,0.00332255377369355
443,JKHY,0.940508686335069
443,VEA,0.0561687598912377
444,ABT,0.795830869454398
444,AIG,1.17757729980887e-09
444,PFE,0.204169129368025
445,2890.TW,0.0855514645893875
445,1326.TW,0.914448362254486
445,2412.TW,1.73156126843404e-07
446,AAPL,0.939697989676057
446,ADM,2.44510411190232e-09
446,ACN,2.24467176519808e-09
446,EQR,3.43680571456561e-09
446,AMT,1.86730005958456e-09
446,K,0.0603020003300608
447,2330.TW,0.128657594366699
447,AAPL,0.871342403123676
447,FMC,2.50962498484706e-09
448,0050.TW,0.0385777288742112
448,JNJ,0.961421990666548
448,MA,5.71441764642235e-10
448,MU,2.7356682613817e-07
448,BEN,2.0321591354539e-09
448,AMZN,4.28881360105509e-09
449,AMD,0.998813035430029
449,MU,7.86183587193074e-09
449,JNJ,0.00118695225047063
449,MA,1.35394852688535e-09
449,BEN,3.10371564076502e-09
450,2357.TW,1.1137372015474e-08
450,2454.TW,0.0542561602198379
450,0050.TW,1.8531683846979e-07
450,2303.TW,0.945743631773893
450,2382.TW,1.15520581261147e-08
451,2330.TW,0.0106461007299723
451,0050.TW,0.989353890898283
451,3711.TW,8.37174418012663e-09
452,AAPL,0.973278462924233
452,TXT,0.0267214685013557
452,MU,3.2537702354876e-09
452,MMM,4.25875656181993e-08
452,TWTR,2.27330758648766e-08
453,BLK,0.270240794897838
453,WRK,0.729759202941691
453,AMT,9.65418245341561e-10
453,NOV,6.78127303006448e-10
453,KMX,5.16925258345932e-10
454,FB,0.945404318258466
454,AMZN,0.0109484633546425
454,BEN,0.0436467141563318
454,MS,4.99340876226215e-07
454,MA,4.88968349554011e-09
455,2330.TW,0.128657566375463
455,2454.TW,6.20656976352889e-09
455,AAPL,0.871342416165121
455,FB,1.12528460064131e-08
456,TTWO,0.8187422377474
456,EA,0.181257672513096
456,ATVI,8.97395040311923e-08
457,AAPL,7.53989155537187e-10
457,INTC,0.0775234485211478
457,2357.TW,1.26486972702437e-09
457,2303.TW,7.30776314474156e-08
457,2002.TW,3.26770148214812e-09
457,2412.TW,8.95701102931005e-10
457,GOOGL,7.31350767498877e-10
457,FB,1.78329695186991e-10
457,2308.TW,0.922476469167135
457,2454.TW,5.93166741877934e-10
457,AIG,6.21353136199231e-10
457,AMZN,9.27624231724146e-10
458,AAPL,7.53989155537187e-10
458,INTC,0.0775234485211478
458,2357.TW,1.26486972702437e-09
458,2303.TW,7.30776314474156e-08
458,2002.TW,3.26770148214812e-09
458,2412.TW,8.95701102931005e-10
458,GOOGL,7.31350767498877e-10
458,FB,1.78329695186991e-10
458,2308.TW,0.922476469167135
458,2454.TW,5.93166741877934e-10
458,AIG,6.21353136199231e-10
458,AMZN,9.27624231724146e-10
459,NKE,0.99844222256698
459,2330.TW,0.00155770357180758
459,HD,7.38612120797826e-08
460,V,0.0324558801178333
460,AMZN,0.96754374214115
460,AIV,3.77741016663564e-07
461,2330.TW,0.901815809333233
461,2327.TW,0.0981841863935316
461,QCOM,4.27323518768207e-09
462,2330.TW,0.0146099886942817
462,AMD,1.35504961078809e-09
462,AAPL,0.985390009950669
463,2330.TW,0.0146099424377856
463,AMD,1.23541916753775e-08
463,AAPL,0.985390013555531
463,NKE,3.16524916605914e-08
464,AAPL,0.318868131297498
464,IAU,0.681131862919513
464,VOO,5.78298889705493e-09
465,AAPL,0.318868131297498
465,IAU,0.681131862919513
465,VOO,5.78298889705493e-09
466,AAPL,0.00876142297346467
466,DIS,2.68821115376005e-08
466,NFLX,0.991238550144424
467,2330.TW,1.45198042134283e-10
467,2412.TW,0.857408488362351
467,1301.TW,3.92916365916495e-10
467,2610.TW,1.50795715571449e-10
467,2881.TW,9.84468635494993e-11
467,2912.TW,0.142591510850292
468,KO,0.91981148738055
468,PFE,1.08393718070365e-07
468,IAU,0.0801884042257317
469,ORCL,0.302434373088684
469,EQIX,4.9057063288943e-05
469,TLT,0.697516569848027
470,PYPL,0.9077810054558
470,CRM,0.0812624654736703
470,VNQ,0.0109565290705297
471,IAU,1.83230861501663e-07
471,AMZN,0.546073294616508
471,AMD,4.91679544839598e-08
471,2330.TW,0.453926472984677
472,2330.TW,1.83230861501663e-07
472,AMZN,0.546073294616508
472,AMD,4.91679544839598e-08
472,IAU,0.453926472984677
473,IAU,1.83230861501663e-07
473,AMZN,0.546073294616508
473,AMD,4.91679544839598e-08
473,2330.TW,0.453926472984677
474,2330.TW,1.83230861501663e-07
474,AMZN,0.546073294616508
474,AMD,4.91679544839598e-08
474,IAU,0.453926472984677
475,AMD,1.83230861501663e-07
475,2330.TW,0.546073294616508
475,IAU,4.91679544839598e-08
475,AMZN,0.453926472984677
476,AMD,1.83230861501663e-07
476,2330.TW,0.546073294616508
476,IAU,4.91679544839598e-08
476,AMZN,0.453926472984677
477,IAU,1.83230861501663e-07
477,AMZN,0.546073294616508
477,AMD,4.91679544839598e-08
477,2330.TW,0.453926472984677
478,2330.TW,1.83230861501663e-07
478,AMD,0.546073294616508
478,AMZN,4.91679544839598e-08
478,IAU,0.453926472984677
479,2303.TW,0.154209538989998
479,FCX,1.41742083044852e-07
479,TLT,0.845790319267919
480,2330.TW,8.78571274398257e-07
480,2912.TW,0.121978891945256
480,AAPL,0.87802022948347
481,AMZN,2.06811020238463e-07
481,BRK-B,4.5153066954833e-09
481,NFLX,0.815318716682638
481,NVDA,0.184681071991035
482,2317.TW,0.939468587959201
482,2633.TW,0.060528830882312
482,2881.TW,2.58115848692268e-06
483,2317.TW,0.939468587959201
483,2633.TW,0.060528830882312
483,2881.TW,2.58115848692268e-06
484,AMD,0.618481477293334
484,AMZN,6.19178662315996e-07
484,NFLX,0.381517876828905
484,V,2.66990983554142e-08
485,2330.TW,0.857408668095423
485,2609.TW,3.84436950334719e-09
485,2912.TW,0.142591328060207
486,AAPL,1.78946319816275e-08
486,AMZN,0.00940229869273553
486,NFLX,0.990597683412632
487,2002.TW,0.0600347094123443
487,2317.TW,0.937482339447841
487,2633.TW,0.00248295113981507
488,2002.TW,0.0600347094123443
488,2317.TW,0.937482339447841
488,2633.TW,0.00248295113981507
489,2633.TW,0.120901248128099
489,2881.TW,0.217963547386486
489,2891.TW,0.661135204485414
490,2633.TW,0.120901248128099
490,2881.TW,0.217963547386486
490,2891.TW,0.661135204485414
491,AAPL,5.70657709663189e-08
491,AMZN,0.964136016093801
491,IQV,0.0358639268404278
492,0050.TW,1.50131342794929e-09
492,2002.TW,8.17491270308709e-10
492,2330.TW,0.927637520112219
492,2412.TW,7.49084901990271e-09
492,2884.TW,1.55062699182662e-09
492,2886.TW,0.0723624685275001
493,ADSK,0.490424739156368
493,COG,0.476634288127803
493,MMM,0.0329409727158284
494,ADSK,0.490424739156368
494,COG,0.476634288127803
494,MMM,0.0329409727158284
495,1402.TW,1.75453629290843e-09
495,2317.TW,6.41832059327435e-08
495,2886.TW,0.00917529845854244
495,FB,9.90316089674007e-10
495,NFLX,0.454175876581922
495,TIF,0.536648758031477
496,1402.TW,1.75453629290843e-09
496,2317.TW,6.41832059327435e-08
496,2886.TW,0.00917529845854244
496,FB,9.90316089674007e-10
496,NFLX,0.454175876581922
496,TIF,0.536648758031477
497,CBRE,4.27989902193703e-09
497,COST,0.00391229367419943
497,PPL,3.94764126652723e-09
497,PSX,8.12803414365152e-09
497,TIF,0.996087689970226
498,AAPL,0.977162997824221
498,AEP,0.0228342331808647
498,BRK-B,7.64036966589077e-09
498,EBAY,2.71319161417261e-06
498,FDX,3.58377326333985e-09
498,IQV,2.02006751346221e-09
498,IRM,2.57099389597573e-09
498,KO,2.30734252020681e-08
498,PKG,1.51217081825323e-08
498,TWTR,1.79296268162373e-09
499,ATVI,0.911821815637115
499,GOOG,0.0881781315918722
499,GOOGL,5.27710124828698e-08
500,AAP,0.0284794901826648
500,AMZN,0.971520361356302
500,APTV,1.48461033560178e-07
501,AAP,1.08760442705907e-09
501,ATVI,0.889255440056991
501,MO,0.110744558855405
502,1301.TW,0.0172017258039688
502,1326.TW,0.0162413894374994
502,2330.TW,0.336985553683337
502,2357.TW,0.629571331075194
503,1326.TW,3.18845478128574e-09
503,2357.TW,0.080031623015889
503,ATVI,0.919968373795656
504,2002.TW,0.0626026242831263
504,2317.TW,0.937397364724402
504,2881.TW,1.09924721598864e-08
505,2002.TW,0.0626026242831263
505,2317.TW,0.937397364724402
505,2881.TW,1.09924721598864e-08
506,2317.TW,0.919372445686673
506,2881.TW,2.85281495714714e-06
506,2891.TW,0.0806247014983701
507,2317.TW,0.919372445686673
507,2881.TW,2.85281495714714e-06
507,2891.TW,0.0806247014983701
508,2633.TW,0.120901248128099
508,2881.TW,0.217963547386486
508,2891.TW,0.661135204485414
509,2633.TW,0.120901248128099
509,2881.TW,0.217963547386486
509,2891.TW,0.661135204485414
510,ABBV,0.990335900983215
510,FISV,0.00966390570362706
510,KMI,1.93313158375492e-07
511,ABBV,0.990335900983215
511,FISV,0.00966390570362706
511,KMI,1.93313158375492e-07
512,CSCO,0.11503716138119
512,FIS,0.884962820021948
512,IBM,1.8596862101728e-08
513,MSI,0.0166496322329234
513,MU,3.48688626522982e-07
513,NOW,0.983350015440281
513,WDC,3.6381686191639e-09
514,AAPL,0.980671188763739
514,EBAY,0.019328768858655
514,FDX,3.11056702964527e-08
514,MCO,1.46436744482801e-09
514,TWTR,9.80756796787461e-09
515,AEE,4.59477242722641e-08
515,AMT,0.926630126393079
515,CBRE,2.75160460582857e-08
515,WEC,0.073369800143151
516,AAPL,0.492725532122242
516,AMZN,0.330422311205636
516,TMUS,0.176852156672122
517,AAPL,0.9809059466695
517,IBM,0.0190939300121697
517,SBUX,6.7764156246559e-08
517,V,5.55541739020084e-08
518,2633.TW,0.108025186372723
518,DXC,3.58344879286789e-08
518,XEL,0.891974777792789
519,2633.TW,0.053780191743138
519,CVS,0.946219797117281
519,PSX,1.11395804911578e-08
520,AMCR,0.339399920617444
520,APD,0.660600048901606
520,FCX,3.04809493064025e-08
521,BLK,0.82090652572222
521,COO,0.179093462833857
521,ETR,1.14439229786308e-08
522,2881.TW,2.25806608450455e-07
522,6669.TW,0.721674641085111
522,AMD,0.27832513310828
523,2633.TW,0.00603388030299282
523,6669.TW,0.993966058631872
523,AEP,6.10651351782771e-08
524,1301.TW,1.85593760453286e-07
524,2633.TW,0.00603357085336041
524,6669.TW,0.993966050423681
524,ACN,1.41547362360314e-07
524,CAH,5.15818352835764e-08
525,AAPL,1.2668797698023e-07
525,AMZN,0.895278025747844
525,MSFT,0.104721847564179
526,GOOGL,0.0177250045057241
526,MSCI,0.982274974340754
526,VOO,2.11535219306014e-08
527,0050.TW,0.0559892253092181
527,2303.TW,0.712161596172294
527,2330.TW,0.231849178518487
528,AMD,0.999112624948302
528,EBAY,0.000885149525848657
528,NVDA,2.22552584904498e-06
529,6669.TW,0.323837992640079
529,AMD,0.199228383065082
529,IAU,4.80099376275818e-06
529,TLT,0.476928823301076
530,6669.TW,0.723801474648666
530,AMD,0.275772749420292
530,IAU,0.00042577593104288
531,6669.TW,0.323836522722274
531,AMD,0.199229006882864
531,TLT,0.476934470394862
532,2330.TW,4.86817776076865e-07
532,AMD,0.373571625993749
532,NVDA,5.6705171552631e-06
532,TLT,0.62642221667132
533,2330.TW,4.66000469891865e-07
533,6669.TW,0.72167575624892
533,AMD,0.27832377775061
534,2330.TW,9.41248921309715e-07
534,6669.TW,0.32383691258963
534,AMD,0.199228927018105
534,TLT,0.476933219143344
535,2330.TW,1.6544368584307e-08
535,6669.TW,0.723807080146629
535,AMD,0.275766024940387
535,IAU,0.000426878368614816
536,AMZN,0.296015173683171
536,EL,6.15629207489674e-08
536,TLT,0.703984764753909
537,AAP,5.0331000234601e-08
537,AME,0.0292994096155576
537,EL,4.98340351458681e-07
537,TLT,0.970700041713091
538,2303.TW,0.00805190771499262
538,6505.TW,2.1900648091192e-08
538,6669.TW,0.991948070384359
539,AXP,0.000386786288115211
539,DFS,1.27057201756044e-08
539,PGR,0.999613201006165
540,ATVI,0.00901290613097556
540,FB,2.83938431464836e-08
540,LYV,7.19753760122946e-09
540,NFLX,0.990987058277644
541,AAL,0.0250890905691234
541,AAPL,4.02588335389671e-07
541,AMZN,0.974910506842541
542,0050.TW,3.79973319878207e-09
542,5876.TW,3.44232663509022e-09
542,5880.TW,0.00692369193208908
542,6669.TW,0.993076300825851
543,AAPL,0.980671194663428
543,EBAY,0.0193287981597251
543,FANG,3.20199612702441e-09
543,TDG,3.97485111906284e-09
544,6669.TW,0.991858120799675
544,AAPL,0.00814184178705407
544,D,3.74132709080739e-08
545,AAL,2.67430656167644e-08
545,AAPL,4.67183417224186e-08
545,AIV,0.0324560443700117
545,AMZN,0.967543882168581
546,6669.TW,0.991590756829492
546,AAPL,5.98195210478902e-07
546,AMZN,0.00840864497529804
547,6669.TW,0.991590743760057
547,AMZN,0.00840923500265667
547,V,2.12372863831535e-08
548,6669.TW,0.991858120799675
548,AAPL,0.00814184178705407
548,D,3.74132709080739e-08
549,3008.TW,0.00945989843298975
549,AAPL,9.64759036914006e-09
549,C,2.91621866635986e-08
549,NFLX,0.990540062757233
550,3008.TW,0.00945989843298975
550,AAPL,9.64759036914006e-09
550,C,2.91621866635986e-08
550,NFLX,0.990540062757233
551,3008.TW,0.0521898600886211
551,AAPL,0.947810139911379
552,0050.TW,0.0622535977371445
552,AAPL,2.52477797173704e-08
552,MSFT,0.937746377015076
553,0050.TW,0.0743096209169119
553,AAPL,0.925690378927051
553,C,1.56037287610335e-10
554,3008.TW,6.4970093242915e-06
554,AEP,0.0144717155895845
554,C,0.985521787401091
555,AAPL,0.0087614750621723
555,NFLX,0.991238524937828
556,AAPL,0.0087614750621723
556,NFLX,0.991238524937828
557,EL,1.70307199253532e-08
557,KO,0.00478408007772121
557,NFLX,0.995215902891559
558,NFLX,0.99447133429496
558,V,0.00552866570503976
559,6669.TW,0.688482595295574
559,NFLX,0.311517204576365
559,V,2.00128060822215e-07
560,6669.TW,0.353364960295893
560,NFLX,0.221976702066496
560,TLT,0.424658337637611
561,6669.TW,0.653195138011058
561,AMD,0.161104082456388
561,NFLX,0.185700779532554
562,VEA,0.0476671283916941
562,WMT,0.952332871608306
563,1301.TW,0.226829459534931
563,VMC,0.773170540465069
564,EA,0.0184086768354788
564,MSFT,0.981591323164521
565,COST,0.815619705285613
565,KO,0.0093378132654616
565,MNST,0.175042481448925
566,COST,0.815619705285613
566,KO,0.0093378132654616
566,MNST,0.175042481448925
567,2330.TW,0.0146099882894125
567,AMD,0.985390009746126
567,MSFT,1.96446162966765e-09
568,2330.TW,0.0146098576276295
568,AMD,0.985389982853011
568,AMZN,1.59519359616829e-07
569,2330.TW,3.78530088992722e-07
569,AMD,0.6331357285449
569,NFLX,0.366863892925011
570,2330.TW,0.0146099012502735
570,2474.TW,1.23583399850852e-08
570,2882.TW,6.29057468373473e-08
570,AMD,0.98539002348564
571,6669.TW,0.721673462811312
571,AMD,0.278326487912292
571,VMC,4.9276396027421e-08
572,2317.TW,0.0349219275924979
572,2330.TW,0.965078071177125
572,2352.TW,1.23037765311371e-09
573,6505.TW,0.0115824757415868
573,AMD,0.988417342747689
573,VMC,1.81510724124112e-07
574,2330.TW,3.14168793556637e-07
574,AAPL,3.12304238654493e-08
574,AMD,0.546073320454037
574,AMT,2.27909539902418e-08
574,IAU,0.453926311355791
575,2330.TW,3.14168793556637e-07
575,AAPL,3.12304238654493e-08
575,AMD,0.546073320454037
575,AMT,2.27909539902418e-08
575,IAU,0.453926311355791
576,AAP,0.0131307257603336
576,AAPL,0.986869274239666
577,AAPL,0.979782384471689
577,GPS,4.77810950119923e-09
577,T,0.0202176087522636
577,V,1.99793767449368e-09
578,AMZN,0.945689008992648
578,BRK-B,0.0543108099110311
578,SCHW,1.81096320850066e-07
579,ABT,0.0971455970825185
579,AMGN,3.4079072755288e-07
579,REGN,0.902854062126754
580,ABT,0.0971455970825185
580,AMGN,3.4079072755288e-07
580,REGN,0.902854062126754
581,2330.TW,0.997809405662219
581,DOW,1.99867970404722e-08
581,EL,4.13189195829074e-08
581,VOO,0.00219053303206438
582,2330.TW,0.0613547212212195
582,AMZN,0.938645265505818
582,CTVA,4.2134752071316e-09
582,GOOG,5.95751762846412e-09
582,VLO,3.10196965554211e-09
583,2330.TW,1.70262987202271e-08
583,6669.TW,0.991590740086277
583,AMZN,0.0084092428874245
584,ADP,0.0153264141945263
584,TLT,0.743217340648967
584,UNH,0.241456245156507
585,ADP,0.0153264141945263
585,TLT,0.743217340648967
585,UNH,0.241456245156507
586,2330.TW,0.128657587848587
586,AAPL,0.871342408447475
586,BKNG,2.53090846903742e-09
586,EA,1.17302960728807e-09
587,2330.TW,0.059428234777321
587,2886.TW,0.0624894562960339
587,AAPL,0.878082308926645
588,2330.TW,0.059428234777321
588,2886.TW,0.0624894562960339
588,AAPL,0.878082308926645
589,AEP,0.13151296844534
589,ALK,3.52114625334337e-09
589,CMS,0.868487028033513
590,ABC,0.976110777514148
590,ADI,5.75128888269998e-08
590,CAH,0.0238891649729629
591,AAP,1.68667173585288e-07
591,BAX,0.716319878726233
591,NKE,0.283679952606593
592,2330.TW,0.00780259290947159
592,6669.TW,0.99219732861777
592,BTC,5.77640619248927e-08
592,ETH,2.07086962721414e-08
593,IAU,0.345886120355922
593,TLT,0.654113787513487
593,VOO,9.21305904647811e-08
594,BTC,3.27042329394346e-09
594,ETH,2.01428515391206e-09
594,IAU,0.345885445815412
594,TLT,0.654114220441778
594,VOO,3.28458101757707e-07
595,2330.TW,1.07932517280743e-06
595,6669.TW,0.323837112915742
595,AMD,0.199228852554094
595,BTC,9.25906576255407e-08
595,ETH,5.30196626388472e-08
595,TLT,0.476932809594672
596,2330.TW,4.33975688128185e-07
596,6669.TW,0.721676858845595
596,AMD,0.278322527987056
596,BTC,1.13976025666066e-07
596,ETH,6.52156359227804e-08
597,AMD,0.618480648217763
597,AMZN,1.76358746246272e-08
597,NFLX,0.381519334146362
598,AMD,0.618481939875585
598,AMZN,9.1622688978657e-07
598,BTC,3.66866791166081e-08
598,ETH,1.89019299395523e-08
598,NFLX,0.381517088308916
599,AMD,0.228958938379403
599,AMZN,1.08021543346402e-06
599,BTC,1.7042002289589e-08
599,ETH,1.06637098874946e-08
599,NFLX,0.160631175793989
599,TLT,0.610408777905463
600,0050.TW,1.02363305377725e-07
600,BTC,0.145533337367592
600,ETH,0.854466560269103
601,2330.TW,0.0294769305561027
601,6669.TW,0.499999999795867
601,AMD,0.499999995023648
601,NVDA,-0.0294769253756171
602,2330.TW,0.0336706672230648
602,6669.TW,0.499999924998643
602,AMD,0.436328989029761
602,NVDA,0.0300004187485314
603,0050.TW,0.270121037954629
603,BTC,0.0300000180647791
603,TLT,0.499232139205732
603,VOO,0.20064680477486
604,1101.TW,0.499998915162422
604,1102.TW,0.355090326283801
604,1301.TW,0.114909003688614
604,1326.TW,0.0300017548651637
605,AAL,0.0414847676989096
605,BBY,0.458515518740348
605,CCI,0.499999713560742
606,A,0.499999960748951
606,AAL,0.0366092844591631
606,AAP,0.463390754791886
607,ABC,0.468004062612446
607,GIS,0.499999992178242
607,VFC,0.0319959452093126
608,ABC,0.468004062612446
608,GIS,0.499999992178242
608,VFC,0.0319959452093126
609,AAPL,0.477676403831515
609,AIG,0.030000006444575
609,AJG,0.49232358972391
610,2330.TW,0.0481753231045239
610,AAPL,0.499999873817853
610,PGR,0.451824803077623
611,0050.TW,0.10915873942384
611,AVGO,0.0300000037001197
611,GOOG,0.499999996164549
611,KO,0.030000000039098
611,QCOM,0.330841260672393
612,2330.TW,0.444770811576682
612,2886.TW,0.499999974091787
612,MAR,0.0552292143315313
613,0050.TW,0.0622777206780337
613,LQD,0.276695433437721
613,TLT,0.4999998375996
613,VEA,0.0300000930065684
613,VOO,0.101026765589696
613,VWO,0.0300001496883817
614,AAPL,0.0815810959378902
614,ADBE,0.328418856178235
614,AMD,0.0300000082638513
614,CRM,0.0300000489115832
614,PYPL,0.499999987384294
614,QCOM,0.0300000033241465
615,AAPL,0.0300000865264652
615,AMZN,0.290924105258166
615,BRK-B,0.0300000249247542
615,FB,0.030000057134656
615,GOOG,0.0300000487121399
615,GS,0.0300000203980432
615,JPM,0.0300000142995589
615,LQD,0.0300001020908453
615,MS,0.0300000247390138
615,NFLX,0.0300002465016463
615,TLT,0.439075269414711
616,AAPL,0.0300000877119756
616,AMZN,0.499999952034521
616,FB,0.0300000469694262
616,GOOG,0.0300000268082178
616,NFLX,0.374521588180897
616,NVDA,0.0354782982949623
617,AAPL,0.0300000792741208
617,AMZN,0.499999867032007
617,FB,0.0300001234457613
617,GOOG,0.0300005184302081
617,GS,0.0300000396377524
617,JPM,0.0300000514878852
617,MS,0.0300000293586748
617,NFLX,0.268880345822534
617,VOO,0.0511189455110562
618,AAPL,0.0300000002978651
618,AMZN,0.499999995763702
618,FB,0.0300000002874754
618,NFLX,0.327280422288796
618,NVDA,0.112719581362161
619,0050.TW,0.496170905977031
619,BTC,0.473829078405029
619,VOO,0.0300000156179403
620,AAPL,0.499999992769228
620,AVGO,0.362463892572943
620,VEA,0.137536114657829
621,AAPL,0.499999992769228
621,AVGO,0.362463892572943
621,VEA,0.137536114657829
622,A,0.499999960748951
622,AAL,0.0366092844591631
622,AAP,0.463390754791886
623,APA,0.0300000987890241
623,CME,0.499999833069244
623,TDG,0.386342449224374
623,UAL,0.0836576189173582
624,2317.TW,0.0300000015620681
624,2330.TW,0.03000000161146
624,2357.TW,0.0300000010447883
624,2412.TW,0.0322801195249543
624,AAPL,0.0300000013078386
624,BIIB,0.0300000007299671
624,BSX,0.0300000004417593
624,HPE,0.0300000003626302
624,IBM,0.0300000005890992
624,MA,0.030000000383035
624,MSFT,0.0300000020631588
624,NVDA,0.167719877085016
624,PYPL,0.499999993294225
625,2330.TW,0.0300000027083411
625,2357.TW,0.0300000040475417
625,2412.TW,0.0423619879418967
625,AAPL,0.0300000174842501
625,AMD,0.0300000080234483
625,HPE,0.0300000066619302
625,IBM,0.0300000090621224
625,MA,0.0300000072565261
625,MSFT,0.030000029096299
625,NVDA,0.217638227265626
625,PYPL,0.499999700452018
626,6669.TW,0.319481959004998
626,AMD,0.0300000138207166
626,NVDA,0.150518161751951
626,PYPL,0.499999865422335
627,AAPL,0.0300000008570418
627,AMZN,0.274883499964795
627,BKNG,0.0300000002924606
627,DIS,0.0300000002571148
627,EXR,0.0300000007213043
627,FDX,0.0300000003985692
627,GOOG,0.0300000005456884
627,IAU,0.0300000036276937
627,JNJ,0.0300000007200601
627,MCD,0.0300000003872401
627,NKE,0.0300000004625416
627,TLT,0.365116490943535
627,V,0.0300000004754171
627,VB,0.0300000003465382
628,AAPL,0.0300000008570418
628,AMZN,0.274883499964795
628,BKNG,0.0300000002924606
628,DIS,0.0300000002571148
628,EXR,0.0300000007213043
628,FDX,0.0300000003985692
628,GOOG,0.0300000005456884
628,IAU,0.0300000036276937
628,JNJ,0.0300000007200601
628,MCD,0.0300000003872401
628,NKE,0.0300000004625416
628,TLT,0.365116490943535
628,V,0.0300000004754171
628,VB,0.0300000003465382
629,AEE,0.0300000039392526
629,CHD,0.430147607050374
629,MTD,0.0398524006364737
629,TLT,0.4999999883739
630,2330.TW,0.0300000380006115
630,AMZN,0.306958306156795
630,BA,0.0300000017466482
630,FB,0.0300000144464819
630,GOOG,0.0300000110001492
630,GOOGL,0.0300000109204782
630,IAU,0.0300001682064793
630,NFLX,0.0300000688974667
630,NVDA,0.0300000283560796
630,TLT,0.423041344049858
630,VNQ,0.0300000082189525
631,2330.TW,0.0300000380006115
631,AMZN,0.306958306156795
631,BA,0.0300000017466482
631,FB,0.0300000144464819
631,GOOG,0.0300000110001492
631,GOOGL,0.0300000109204782
631,IAU,0.0300001682064793
631,NFLX,0.0300000688974667
631,NVDA,0.0300000283560796
631,TLT,0.423041344049858
631,VNQ,0.0300000082189525
632,AAPL,0.0300000008570418
632,AMZN,0.274883499964795
632,BKNG,0.0300000002924606
632,DIS,0.0300000002571148
632,EXR,0.0300000007213043
632,FDX,0.0300000003985692
632,GOOG,0.0300000005456884
632,IAU,0.0300000036276937
632,JNJ,0.0300000007200601
632,MCD,0.0300000003872401
632,NKE,0.0300000004625416
632,TLT,0.365116490943535
632,V,0.0300000004754171
632,VB,0.0300000003465382
633,AAPL,0.0300000008570418
633,AMZN,0.274883499964795
633,BKNG,0.0300000002924606
633,DIS,0.0300000002571148
633,EXR,0.0300000007213043
633,FDX,0.0300000003985692
633,GOOG,0.0300000005456884
633,IAU,0.0300000036276937
633,JNJ,0.0300000007200601
633,MCD,0.0300000003872401
633,NKE,0.0300000004625416
633,TLT,0.365116490943535
633,V,0.0300000004754171
633,VB,0.0300000003465382
634,0050.TW,0.102096405094316
634,2330.TW,0.0300009130106603
634,BLK,0.367903874196075
634,GOOG,0.499998807698949
635,BIV,0.499999993655069
635,BTC,0.426551625963895
635,VNQ,0.0300000677411039
635,VOO,0.0434483126399323
636,2330.TW,0.038426733198863
636,AAPL,0.288939723500364
636,BIV,0.499999999087337
636,BTC,0.082633534468289
636,SBUX,0.0300000018322453
636,VNQ,0.0300000026655731
636,VOO,0.0300000052473293
637,AAPL,0.457815856587002
637,BIV,0.499999999505768
637,VOO,0.0421841439072297
638,BIV,0.499999997086619
638,BTC,0.395161766579872
638,VEA,0.030000042105248
638,VNQ,0.0300000316677081
638,VOO,0.0448381625605531
639,AAPL,0.0300000019720308
639,AMZN,0.367868077103181
639,COST,0.0300000015308879
639,FB,0.0300000017854146
639,GE,0.0300000009533526
639,GIS,0.032131877082433
639,GM,0.0300000010253708
639,GOOG,0.0300000016480819
639,GOOGL,0.0300000016452362
639,GS,0.0300000011725039
639,IBM,0.030000001358483
639,INTC,0.0300000013138333
639,JNJ,0.0300000015212181
639,JPM,0.0300000010187835
639,MS,0.0300000011764521
639,MSFT,0.0300000021776738
639,NFLX,0.030000013424024
639,NKE,0.0300000014792074
639,NVDA,0.0300000064741713
639,QCOM,0.0300000014529798
639,T,0.0300000012501354
639,WMT,0.0300000014345462
640,2330.TW,0.0585467439475551
640,AAPL,0.0300000079453655
640,ADBE,0.0300000022077623
640,AMZN,0.49999999172437
640,NVDA,0.381453254174947
641,CBRE,0.231043580578737
641,DFS,0.0300000274364079
641,IBM,0.49999997881297
641,TSN,0.238956413171885
642,0050.TW,0.0300000889496472
642,IAU,0.466695123329631
642,LQD,0.0300000511092465
642,TLT,0.415280842883473
642,VOO,0.0580238937280022
643,00720B.TW,0.132557004381583
643,5274.TW,0.367443001067384
643,5439.TW,0.499999994551032
644,00751B.TW,0.0732853679805753
644,3491.TW,0.0300000039900077
644,5274.TW,0.336714628591357
644,5439.TW,0.499999987780873
644,6274.TW,0.0300000066989348
644,6470.TW,0.0300000049582519
645,00751B.TW,0.204184612233219
645,5274.TW,0.295815412950395
645,5439.TW,0.499999974816386
646,00751B.TW,0.204184612233219
646,5274.TW,0.295815412950395
646,5439.TW,0.499999974816386
647,00751B.TW,0.204184612233219
647,5274.TW,0.295815412950395
647,5439.TW,0.499999974816386
648,00751B.TW,0.204184612233219
648,5274.TW,0.295815412950395
648,5439.TW,0.499999974816386
649,00751B.TW,0.204184612233219
649,5274.TW,0.295815412950395
649,5439.TW,0.499999974816386
650,00751B.TW,0.204184612233219
650,5274.TW,0.295815412950395
650,5439.TW,0.499999974816386
651,AAPL,0.0300010157140314
651,AMD,0.0300000004088681
651,AMZN,0.499999998911674
651,DIS,0.0472425495555503
651,NFLX,0.392756435409876
652,2330.TW,0.365027535878718
652,3008.TW,0.0300000312920125
652,AAPL,0.104972442579231
652,AMZN,0.499999990250039
653,3105.TW,0.0300000334171321
653,3491.TW,0.0300000749385564
653,5274.TW,0.359293174858754
653,5439.TW,0.499999977767555
653,6274.TW,0.0300002555039393
653,6470.TW,0.0507064835140631
654,00751B.TW,0.204184612233219
654,5274.TW,0.295815412950395
654,5439.TW,0.499999974816386
655,00740B.TW,0.220708353329254
655,00751B.TW,0.0300005169169869
655,5274.TW,0.249291276697994
655,5439.TW,0.499999853055765
656,00720B.TW,0.499999996588412
656,3105.TW,0.0300022649384419
656,6274.TW,0.402964326088079
656,6470.TW,0.0670334123850676
657,00751B.TW,0.030000013760453
657,00862B.TW,0.0576166834810772
657,3105.TW,0.0300000025751734
657,3491.TW,0.0300000019854931
657,5274.TW,0.292383298739855
657,5439.TW,0.499999993355695
657,6274.TW,0.0300000035168663
657,6470.TW,0.0300000025853865
658,2330.TW,0.0398836894093447
658,5274.TW,0.430116629078971
658,AAPL,0.499999679735293
658,AMD,0.0300000017763917
659,2330.TW,0.0300000099803098
659,2357.TW,0.465812299997626
659,AAPL,0.474187689867572
659,IBM,0.0300000001544916
660,5871.TW,0.495378509301849
660,IP,0.0300000958271779
660,TMUS,0.474621394870973
661,2330.TW,0.302753786421922
661,6669.TW,0.499999965726299
661,AMD,0.197246247851779
662,AAPL,0.030000011786735
662,AMD,0.0300000059534329
662,AMZN,0.499999899255537
662,NFLX,0.316104331746793
662,NVDA,0.123895751257502
663,0050.TW,0.0300000306647291
663,1216.TW,0.0300000838060703
663,2330.TW,0.0300000336266559
663,2454.TW,0.499999962396914
663,2885.TW,0.0300000295467865
663,2886.TW,0.0516319390518434
663,2891.TW,0.03000003776585
663,2912.TW,0.29836788314115
664,2317.TW,0.183988480430759
664,2330.TW,0.326029580817454
664,2454.TW,0.489981938751787
665,AAPL,0.0300003612984718
665,AMZN,0.499999581753905
665,FB,0.0300007187116067
665,GOOGL,0.0462453619934198
665,NFLX,0.393753976242597
666,AMD,0.499999991481549
666,KLAC,0.143293106451807
666,LRCX,0.356706902066644
667,2330.TW,0.302753786421922
667,6669.TW,0.499999965726299
667,AMD,0.197246247851779
668,2330.TW,0.0325412321346224
668,6669.TW,0.467458769425249
668,PYPL,0.499999998440129
669,2317.TW,0.302967917424649
669,2330.TW,0.281587273354117
669,2884.TW,0.415444809221234
670,2330.TW,0.0300000616694547
670,2882.TW,0.416933109128223
670,6669.TW,0.499999935238848
670,AMD,0.0530668939634744
671,2327.TW,0.146905269600549
671,OKE,0.0300000623403888
671,SHW,0.32309475403785
671,TLT,0.499999914021212
672,OKE,0.0341421228002998
672,SHW,0.465858003859346
672,TLT,0.499999873340355
673,2382.TW,0.499999994897351
673,4938.TW,0.290406883751201
673,AMD,0.209593121351448
674,BAC,0.499999984525869
674,FANG,0.465152183675455
674,TIF,0.0348478317986756
675,AMD,0.459103582244908
675,BAC,0.0408964187842573
675,TIF,0.499999998970835
676,1102.TW,0.103192936090533
676,2357.TW,0.499999848159659
676,4938.TW,0.396807215749808
677,2303.TW,0.499999999595085
677,2330.TW,0.0963332675605378
677,INTC,0.403666732844377
678,2303.TW,0.470485481189041
678,2330.TW,0.0300081827865303
678,2454.TW,0.499506336024428
679,2303.TW,0.0300001758459983
679,2454.TW,0.491260203695215
679,2912.TW,0.478739620458786
680,00725B.TW,0.0300000829798455
680,00740B.TW,0.0532402016857579
680,3105.TW,0.0300000068173771
680,3491.TW,0.0300000071844893
680,5274.TW,0.296759722121331
680,5439.TW,0.499999955108008
680,6274.TW,0.030000012680254
680,6470.TW,0.0300000114229371
681,00725B.TW,0.0730431517027222
681,3105.TW,0.0300000360947428
681,3491.TW,0.0300000498325297
681,5274.TW,0.306956779647939
681,5439.TW,0.499999890138706
681,6274.TW,0.0300000206114978
681,6470.TW,0.0300000719718619
682,00720B.TW,0.0475494806396578
682,3105.TW,0.0300000534810252
682,3491.TW,0.0300000227816308
682,5274.TW,0.392450452627601
682,5439.TW,0.499999990470085
683,00740B.TW,0.121961590271578
683,3105.TW,0.0300000033145078
683,3491.TW,0.0300000006853014
683,5274.TW,0.288038413527946
683,5439.TW,0.49999999068511
683,6470.TW,0.0300000015155567
684,00740B.TW,0.0903473422239823
684,3105.TW,0.0300000079007861
684,3491.TW,0.0300000067245021
684,5274.TW,0.289652675883105
684,5439.TW,0.49999994980504
684,6274.TW,0.0300000091936485
684,6470.TW,0.0300000082689356
685,2330.TW,0.0447246506326835
685,6669.TW,0.455275352883663
685,XAU,0.499999996483654
686,00751B.TW,0.405314507641046
686,2330.TW,0.0946855175636201
686,AMZN,0.499999974795334
687,00720B.TW,0.0323609283482939
687,3105.TW,0.030000002394064
687,3491.TW,0.030000001573531
687,5274.TW,0.0638397758768851
687,5439.TW,0.283799292756345
687,6274.TW,0.0300000049484039
687,6470.TW,0.0300000029125051
687,XAU,0.499999991189972
688,00740B.TW,0.0321561388845309
688,3105.TW,0.0300000435906104
688,3491.TW,0.030000029135651
688,5274.TW,0.0691557620552605
688,5439.TW,0.278688328706191
688,6274.TW,0.0300000803861515
688,6470.TW,0.0300000429766396
688,XAU,0.499999574264965
689,00740B.TW,0.0321561388845309
689,3105.TW,0.0300000435906104
689,3491.TW,0.030000029135651
689,5274.TW,0.0691557620552605
689,5439.TW,0.278688328706191
689,6274.TW,0.0300000803861515
689,6470.TW,0.0300000429766396
689,XAU,0.499999574264965
690,A,0.499999960748951
690,AAL,0.0366092844591631
690,AAP,0.463390754791886
691,ACN,0.457092306451724
691,AFL,0.0429078383190303
691,AKAM,0.499999855229246
692,2330.TW,0.444635065141091
692,FB,0.0553650272335698
692,NFLX,0.499999907625339
693,FAST,0.0483629010160266
693,JKHY,0.461863199959027
693,NFLX,0.489773899024947
694,6669.TW,0.201699041843678
694,AMD,0.0300000007741104
694,NFLX,0.427887750872489
694,PYPL,0.340413206509723
695,6669.TW,0.171444225921875
695,AMD,0.0300000028452791
695,AMZN,0.499999977763036
695,CRM,0.0300000099918983
695,PYPL,0.268555783477912
696,AMD,0.0396165186207471
696,AMZN,0.499999988528926
696,PYPL,0.460383492850326
697,6669.TW,0.187029764777571
697,AMD,0.0300000016291962
697,AMZN,0.499999973640126
697,PYPL,0.282970259953106
698,ACN,0.457092306451724
698,AFL,0.0429078383190303
698,AKAM,0.499999855229246
699,2330.TW,0.302753786421922
699,6669.TW,0.499999965726299
699,AMD,0.197246247851779
700,2330.TW,0.0300000334966177
700,6669.TW,0.178823091791321
700,AMZN,0.499999973621659
700,PYPL,0.291176901090403
701,6669.TW,0.199038216761375
701,AAPL,0.0300000041785034
701,AMZN,0.499999964463081
701,PYPL,0.27096181459704
702,ADI,0.416086770016018
702,BEN,0.0839132398465371
702,CLX,0.499999990137445
703,00751B.TW,0.0
703,3105.TW,0.0
703,3491.TW,0.0
703,5274.TW,0.0
703,5439.TW,0.0
703,6274.TW,0.0
703,6470.TW,0.0
703,XAU,0.0
704,AME,0.0761148934795093
704,DVA,0.42388514619339
704,WMT,0.499999960327101
705,00740B.TW,0.0579132142651708
705,2330.TW,0.0300001299955547
705,3491.TW,0.0300000189219819
705,5439.TW,0.239019200787901
705,AAPL,0.113067460865364
705,MCO,0.0300000745513734
705,XAU,0.499999900612654
706,0050.TW,0.45697646834233
706,AAPL,0.483023433567858
706,BRK-B,0.0300000081750781
706,VOO,0.0300000899147333
707,AMZN,0.499999940499492
707,CMG,0.468195346610051
707,NVR,0.0318047128904569
708,AMZN,0.482118281185373
708,AZO,0.473156108771299
708,NVR,0.0447256100433275
709,ALGN,0.415136460678367
709,AMZN,0.499999951795072
709,NVR,0.084863587526561
710,AMZN,0.499999996810243
710,AZO,0.217627585983774
710,NVR,0.0300000648440065
710,PAYC,0.252372352361976
711,AMZN,0.499999999614579
711,CMG,0.44113650785809
711,GOOG,0.0588634925273315
712,ABMD,0.452876680319732
712,AMZN,0.499999956222908
712,AZO,0.0471233634573606
713,ABMD,0.499999997780817
713,AMD,0.388102018785559
713,AZO,0.111897983433624
714,AMZN,0.49999998164138
714,NFLX,0.215808348056371
714,PYPL,0.284191670302249
714,AMD,0.0351470406790523
714,NFLX,0.499999997000222
714,PYPL,0.464852962320726
716,CMG,0.391988404355469
716,NOW,0.499999876995312
716,TMO,0.0780116235163319
716,WHR,0.0300000951328869
717,AMZN,0.499999996104833
717,CMG,0.0718455330358575
717,NOW,0.428154470859309
718,ABMD,0.41450415077294
718,AMZN,0.499999998340814
718,MKTX,0.0554958458786069
718,NOW,0.0300000050076385
719,6669.TW,0.238695798920283
719,AMD,0.0300000163343895
719,CHD,0.231304218924743
719,TLT,0.499999965820584
720,AMD,0.0432775947868527
720,CHD,0.397424871265652
720,TLT,0.499999981197887
720,WEC,0.0592975527496083
721,ABMD,0.458737479199098
721,AZO,0.041262525781555
721,TLT,0.499999995019347
721,ABMD,0.430051271096884
721,AMD,0.0399487047830894
721,AZO,0.0300000314009572
721,TLT,0.49999999271907
723,3008.TW,0.431737174374039
723,AMZN,0.496867021411633
723,NVR,0.0713958042143281
724,2330.TW,0.483957753198958
724,AMZN,0.486042168414039
724,PNW,0.030000078387003
725,2330.TW,0.0409335863283094
725,2454.TW,0.459066685101494
725,AMZN,0.499999728570196
726,2330.TW,0.0300001355133057
726,2454.TW,0.338604414619101
726,AMD,0.0300007190425263
726,GOOG,0.0713946973493368
726,TLT,0.499999815266209
726,VOO,0.0300002182095205
727,2454.TW,0.162295543706277
727,AKAM,0.24770418565786
727,FISV,0.0300000708473565
727,MA,0.0300000227104352
727,TLT,0.499999999539381
727,ZBRA,0.0300001775386906
728,2454.TW,0.208340278146293
728,AKAM,0.261649016476479
728,GOOG,0.0300107466781186
728,TLT,0.499999958699109
729,2454.TW,0.270734170773552
729,AKAM,0.229280824057597
729,TLT,0.499985005168851
730,2454.TW,0.0469402882694261
730,6669.TW,0.0417394861149086
730,AKAM,0.0300003788405761
730,AMZN,0.407535040250286
730,TLT,0.473784806524803
731,2454.TW,0.0464580526658982
731,6669.TW,0.0459727363750977
731,AMZN,0.436150199842702
731,TLT,0.471419011116302
732,2454.TW,0.213941075765233
732,6669.TW,0.286058987757271
732,AMZN,0.499999936477496
733,2454.TW,0.15595587873226
733,6669.TW,0.102676186656996
733,AMZN,0.49999998122359
733,NFLX,0.241367953387154
734,2454.TW,0.0464580526658982
734,6669.TW,0.0459727363750977
734,AMZN,0.436150199842702
734,TLT,0.471419011116302
735,3008.TW,0.0381096891038269
735,6669.TW,0.461890349309563
735,AMZN,0.49999996158661
736,3008.TW,0.0300000061345097
736,6669.TW,0.171757416845463
736,AMZN,0.499999977906399
736,PYPL,0.298242599113629
737,6669.TW,0.208740308611759
737,AMZN,0.4999999798147
737,PYPL,0.291259711573542
738,2330.TW,0.0599416706365963
738,3008.TW,0.0300000055041781
738,6669.TW,0.499999634155547
738,AAPL,0.380058677287334
738,BRK-B,0.0300000124163453
739,2454.TW,0.494274639406564
739,6669.TW,0.366787201406123
739,AAPL,0.138938159187313
740,2207.TW,0.0300003248545784
740,2454.TW,0.284987884227344
740,6669.TW,0.185011942057665
740,AMZN,0.499999848860413
741,2454.TW,0.213941075765233
741,6669.TW,0.286058987757271
741,AMZN,0.499999936477496
742,2330.TW,0.302753786421922
742,6669.TW,0.499999965726299
742,AMD,0.197246247851779
743,2454.TW,0.213941075765233
743,6669.TW,0.286058987757271
743,AMZN,0.499999936477496
744,6669.TW,0.199038216761375
744,AAPL,0.0300000041785034
744,AMZN,0.499999964463081
744,PYPL,0.27096181459704
745,0050.TW,0.0319497171555458
745,AAPL,0.0300000044739946
745,AMZN,0.499999993952213
745,BTC,0.0300000026197811
745,MSFT,0.0300000041731191
745,NFLX,0.378050277625347
746,AAPL,0.0300000100249864
746,AMZN,0.499999753090675
746,BAC,0.0300000124935541
746,ECL,0.050815548071413
746,FB,0.0300000436175926
746,GOOG,0.0300000640963366
746,GOOGL,0.0300000597584469
746,NFLX,0.299184508846995
747,CAT,0.0300000004631523
747,ECL,0.0300000009778112
747,GD,0.0300000004208021
747,HD,0.470866015612845
747,MDT,0.0300000002824675
747,NKE,0.0300000016218487
747,PFE,0.0300000086892847
747,ROP,0.319133971715614
747,TJX,0.0300000002161742
748,ECL,0.0300002282374736
748,GD,0.0300000359904628
748,HD,0.43382954244182
748,ITW,0.0300000629507467
748,MDT,0.030000026384019
748,NKE,0.0300000820869653
748,PFE,0.0300009171417316
748,ROP,0.356169084661283
748,TJX,0.0300000201054977
749,2330.TW,0.0454635584908971
749,AAPL,0.0300000058165464
749,AMZN,0.499999978813278
749,NFLX,0.39453644992082
749,TGT,0.0300000069584588
750,BAC,0.0300000014319378
750,COST,0.499999996189799
750,GOOG,0.38690846950438
750,NKE,0.0530915087837078
750,T,0.0300000240901756
751,2308.TW,0.259080779597915
751,AAL,0.0300000001362633
751,AAPL,0.0300000014702342
751,AMZN,0.499999999821674
751,DLR,0.0515995099776563
751,EA,0.129319708996258
752,0050.TW,0.131517511368413
752,2317.TW,0.0300008350266458
752,FB,0.499999828748617
752,MS,0.0300000086966182
752,WMT,0.308481816159706
753,AAP,0.111359000007182
753,HSIC,0.473610808285215
753,TFX,0.415030191707603
754,2303.TW,0.499999998570971
754,ABC,0.461694366594962
754,CXO,0.0383056348340669
755,2330.TW,0.0300000630512537
755,3045.TW,0.387465752063126
755,AAPL,0.0525342256869056
755,ATVI,0.499999950151675
755,VOO,0.0300000090470402
756,1216.TW,0.473230731196366
756,AMZN,0.496769251116019
756,BF-B,0.0300000176876154
757,AAP,0.499999996967497
757,BBY,0.458363347104144
757,CCL,0.0416366559283596
757,00751B.TWO,0.0
757,00754B.TWO,0.0
757,00867B.TWO,0.0
759,AAL,0.356879379453464
759,ABT,0.487874081390769
759,CCL,0.155246539155767
760,00751B.TWO,0.0
760,00754B.TWO,0.0
760,00867B.TWO,0.0
761,AAL,0.0400461594817427
761,ABT,0.499999992052247
761,CCI,0.45995384846601
762,00657.TW,0.430137698688459
762,00833B.TWO,0.492655681117473
762,1103.TW,0.0772066201940682
763,"",0.0
763,2454.TW,0.0
763,6669.TW,0.0
763,AMZN,0.0
763,NFLX,0.0
763,PYPL,0.0
764,"",0.0
764,2454.TW,0.0
764,6669.TW,0.0
764,AMZN,0.0
764,NFLX,0.0
764,PYPL,0.0
765,"",0.0
765,6669.TW,0.0
765,AMZN,0.0
765,NFLX,0.0
765,PYPL,0.0
766,0050.TW,0.493224105433233
766,2330.TW,0.0300003261657307
766,6669.TW,0.476775568401036
767,2330.TW,0.0
767,3045,0.0
767,6669.TW,0.0
767,AAPL,0.0
767,AMZN,0.0
767,ATVI,0.0
767,GOOGL,0.0
768,"",0.0
768,2330.TW,0.0
768,3045.TW,0.0
768,6669.TW,0.0
768,AAPL,0.0
768,ATVI,0.0
768,GOOGL,0.0
769,"",0.0
769,2330.TW,0.0
769,3045.TW,0.0
769,6669.TW,0.0
770,2330.TW,0.0342159460674781
770,3045.TW,0.499999978050179
770,6669.TW,0.465784075882342
771,AAPL,0.0300000070502313
771,ATVI,0.377747731687769
771,EA,0.0322522869915618
771,FB,0.0300000023790065
771,GOOGL,0.0300000039169881
771,NFLX,0.499999967974443
772,2330.TW,0.0
772,3045.TW,0.0
773,2330.TW,0.0358792948104162
773,6669.TW,0.499999997090819
773,AAPL,0.434120705888556
773,AMD,0.0300000022102093
774,2330.TW,0.302753786421922
774,6669.TW,0.499999965726299
774,AMD,0.197246247851779
775,2330.TW,0.475453435899933
775,2454.TW,0.494546131292989
775,3008.TW,0.0300004328070787
776,2308.TW,0.490591307477718
776,2330.TW,0.030000054406355
776,2454.TW,0.479408638115927
777,2308,0.0
777,2330,0.0
777,3037,0.0
777,APPL,0.0
778,2330.TW,0.240290106615675
778,2474.TW,0.278002705639312
778,AAPL,0.481707187745013
778,AGN,0.499999896138325
778,CDW,0.0453968206745534
778,STZ,0.424603259031292
778,VNO,0.0300000241558301
780,2330.TW,0.0537003339356465
780,6669.TW,0.499999977459411
780,AAPL,0.446299688604942
781,2330.TW,0.499999991345843
781,ADM,0.417128900575088
781,JPM,0.0828711080790687
782,2330.TW,0.030000049986555
782,6669.TW,0.178444502745688
782,AMD,0.0300000022251867
782,AMZN,0.499999968750521
782,NFLX,0.261555476292049
782,1101.TW,0.499999996388773
782,1338.TW,0.245852649829889
782,1339.TW,0.254147353781338
784,2330.TW,0.479955703960792
784,AMD,0.0300000096065509
784,NFLX,0.490044286432657
785,2330.TW,0.0300000456066406
785,AMD,0.0300000047586707
785,AMZN,0.49999997152214
785,NFLX,0.362740737572386
785,NVDA,0.0772592405401626
786,1102.TW,0.499999955754011
786,2330.TW,0.358468895917197
786,3008.TW,0.141531148328793
787,"",0.0
787,AAP,0.0
787,FANG,0.0
787,GOOG,0.0
788,AAPL,0.499999971639598
788,ACN,0.339696521500038
788,DUK,0.160303506860364
789,2330,0.0
789,APA,0.0
789,GOOG,0.0
790,2330.TW,0.499999903246658
790,APA,0.0300000118145753
790,AVY,0.0357231544990891
790,GOOG,0.434276930439678
791,2330.TW,0.48502017311755
791,ALK,0.0300000000697381
791,BWA,0.0300000003471306
791,GOOG,0.454979826465582
792,AAPL,0.499999999749643
792,BTC,0.467711451273394
792,FB,0.032288548976963
